title,description,videoId,thumbnails,channelName,channelId,channelUrl,verified,publishedText,publishedDate,viewsText,views,videoUrl,duration,durationText,isShort
Kenji's Sushi Shop Showdown - Brawl Stars Animation,"They took something important from him. Now he's gonna get it back.

‚öîÔ∏è KENJI IS HERE! ‚öîÔ∏è

Download NOW!! ‚ñ∫‚ñ∫ https://supr.cl/2K62CZG
Subscribe!! ‚ñ∫‚ñ∫ https://supr.cl/subscribe...",Q8D95ErQbjk,"[{'quality': 'maxres', 'url': 'https://i.ytimg.com/vi/Q8D95ErQbjk/maxres.jpg', 'width': 1280, 'height': 720}, {'quality': 'maxresdefault', 'url': 'https://i.ytimg.com/vi/Q8D95ErQbjk/maxresdefault.jpg', 'width': 1280, 'height': 720}, {'quality': 'sddefault', 'url': 'https://i.ytimg.com/vi/Q8D95ErQbjk/sddefault.jpg', 'width': 640, 'height': 480}, {'quality': 'high', 'url': 'https://i.ytimg.com/vi/Q8D95ErQbjk/hqdefault.jpg', 'width': 480, 'height': 360}, {'quality': 'medium', 'url': 'https://i.ytimg.com/vi/Q8D95ErQbjk/mqdefault.jpg', 'width': 320, 'height': 180}, {'quality': 'default', 'url': 'https://i.ytimg.com/vi/Q8D95ErQbjk/default.jpg', 'width': 120, 'height': 90}, {'quality': 'start', 'url': 'https://i.ytimg.com/vi/Q8D95ErQbjk/1.jpg', 'width': 120, 'height': 90}, {'quality': 'middle', 'url': 'https://i.ytimg.com/vi/Q8D95ErQbjk/2.jpg', 'width': 120, 'height': 90}, {'quality': 'end', 'url': 'https://i.ytimg.com/vi/Q8D95ErQbjk/3.jpg', 'width': 120, 'height': 90}]",Brawl Stars,UCooVYzDxdwTtGYAkcPmOgOw,https://www.youtube.com/@BrawlStars,True,13 hours ago,2024-09-26T07:09:47.174Z,"4,498,168 views",4498168,https://www.youtube.com/watch?v=Q8D95ErQbjk,115,1:55,False
Overwatch 2 x My Hero Academia | Collaboration Trailer,"Unleash your inner hero or villain in Overwatch 2 x My Hero Academia!

The legendary characters from U.A. High School are making their way to Future Earth. Will you stand with the heroes and...",6QaQParsa-M,"[{'quality': 'maxres', 'url': 'https://i.ytimg.com/vi/6QaQParsa-M/maxres.jpg', 'width': 1280, 'height': 720}, {'quality': 'maxresdefault', 'url': 'https://i.ytimg.com/vi/6QaQParsa-M/maxresdefault.jpg', 'width': 1280, 'height': 720}, {'quality': 'sddefault', 'url': 'https://i.ytimg.com/vi/6QaQParsa-M/sddefault.jpg', 'width': 640, 'height': 480}, {'quality': 'high', 'url': 'https://i.ytimg.com/vi/6QaQParsa-M/hqdefault.jpg', 'width': 480, 'height': 360}, {'quality': 'medium', 'url': 'https://i.ytimg.com/vi/6QaQParsa-M/mqdefault.jpg', 'width': 320, 'height': 180}, {'quality': 'default', 'url': 'https://i.ytimg.com/vi/6QaQParsa-M/default.jpg', 'width': 120, 'height': 90}, {'quality': 'start', 'url': 'https://i.ytimg.com/vi/6QaQParsa-M/1.jpg', 'width': 120, 'height': 90}, {'quality': 'middle', 'url': 'https://i.ytimg.com/vi/6QaQParsa-M/2.jpg', 'width': 120, 'height': 90}, {'quality': 'end', 'url': 'https://i.ytimg.com/vi/6QaQParsa-M/3.jpg', 'width': 120, 'height': 90}]",PlayOverwatch,UClOf1XXinvZsy4wKPAkro2A,https://www.youtube.com/@playoverwatch,True,9 hours ago,2024-09-26T11:09:47.174Z,"301,101 views",301101,https://www.youtube.com/watch?v=6QaQParsa-M,29,0:29,False
The complete and utter collapse of Ubisoft | Asmongold Reacts,"by @LegendaryDrops https://www.youtube.com/watch?v=SSRHd2pYkI4
‚ñ∫ Asmongold's Twitch: https://www.twitch.tv/zackrawrr
‚ñ∫ Asmongold's Twitter: https://twitter.com/asmongold
‚ñ∫ Asmongold's...",wYSqtDEvIvw,"[{'quality': 'maxres', 'url': 'https://i.ytimg.com/vi/wYSqtDEvIvw/maxres.jpg', 'width': 1280, 'height': 720}, {'quality': 'maxresdefault', 'url': 'https://i.ytimg.com/vi/wYSqtDEvIvw/maxresdefault.jpg', 'width': 1280, 'height': 720}, {'quality': 'sddefault', 'url': 'https://i.ytimg.com/vi/wYSqtDEvIvw/sddefault.jpg', 'width': 640, 'height': 480}, {'quality': 'high', 'url': 'https://i.ytimg.com/vi/wYSqtDEvIvw/hqdefault.jpg', 'width': 480, 'height': 360}, {'quality': 'medium', 'url': 'https://i.ytimg.com/vi/wYSqtDEvIvw/mqdefault.jpg', 'width': 320, 'height': 180}, {'quality': 'default', 'url': 'https://i.ytimg.com/vi/wYSqtDEvIvw/default.jpg', 'width': 120, 'height': 90}, {'quality': 'start', 'url': 'https://i.ytimg.com/vi/wYSqtDEvIvw/1.jpg', 'width': 120, 'height': 90}, {'quality': 'middle', 'url': 'https://i.ytimg.com/vi/wYSqtDEvIvw/2.jpg', 'width': 120, 'height': 90}, {'quality': 'end', 'url': 'https://i.ytimg.com/vi/wYSqtDEvIvw/3.jpg', 'width': 120, 'height': 90}]",Asmongold TV  ,UCQeRaTukNYft1_6AZPACnog,https://www.youtube.com/@AsmonTV,True,4 hours ago,2024-09-26T16:09:47.174Z,"350,450 views",350450,https://www.youtube.com/watch?v=wYSqtDEvIvw,4978,1:22:58,False
I Built an Illegal House in Minecraft,"We build an ILLEGAL House in Modded Minecraft

Friends in the Video
‚≠ë @sigils 
‚≠ë @BiffleWiffle 
‚≠ë @Zud 

‚Ä¢ Video Editor ‚ñ∫ Russell
https://www.youtube.com/russelledits

‚Ä¢ Discord:...",bEX9uK0KPe0,"[{'quality': 'maxres', 'url': 'https://i.ytimg.com/vi/bEX9uK0KPe0/maxres.jpg', 'width': 1280, 'height': 720}, {'quality': 'maxresdefault', 'url': 'https://i.ytimg.com/vi/bEX9uK0KPe0/maxresdefault.jpg', 'width': 1280, 'height': 720}, {'quality': 'sddefault', 'url': 'https://i.ytimg.com/vi/bEX9uK0KPe0/sddefault.jpg', 'width': 640, 'height': 480}, {'quality': 'high', 'url': 'https://i.ytimg.com/vi/bEX9uK0KPe0/hqdefault.jpg', 'width': 480, 'height': 360}, {'quality': 'medium', 'url': 'https://i.ytimg.com/vi/bEX9uK0KPe0/mqdefault.jpg', 'width': 320, 'height': 180}, {'quality': 'default', 'url': 'https://i.ytimg.com/vi/bEX9uK0KPe0/default.jpg', 'width': 120, 'height': 90}, {'quality': 'start', 'url': 'https://i.ytimg.com/vi/bEX9uK0KPe0/1.jpg', 'width': 120, 'height': 90}, {'quality': 'middle', 'url': 'https://i.ytimg.com/vi/bEX9uK0KPe0/2.jpg', 'width': 120, 'height': 90}, {'quality': 'end', 'url': 'https://i.ytimg.com/vi/bEX9uK0KPe0/3.jpg', 'width': 120, 'height': 90}]",SSundee,UCke6I9N4KfC968-yRcd5YRg,https://www.youtube.com/@SSundee,True,23 hours ago,2024-09-25T21:09:47.174Z,"775,778 views",775778,https://www.youtube.com/watch?v=bEX9uK0KPe0,1617,26:57,False
‡∏™‡∏•‡πá‡∏≠‡∏ï‡∏°‡∏≤‡∏à‡∏≠‡∏á2 ‡∏ó‡∏∏‡∏ô200 ‡∏ö‡∏ß‡∏Å2‡∏û‡∏±‡∏ô ‡∏Å‡∏≥‡πÑ‡∏£10‡πÄ‡∏ó‡πà‡∏≤ ‡∏´‡∏ß‡∏≤‡∏ô‡πÄ‡∏à‡∏µ‡πä‡∏¢‡∏ö!! | Mahjong ways2  ‡∏™‡∏•‡πá‡∏≠‡∏ï ‡∏™‡∏•‡πá‡∏≠‡∏ï‡πÄ‡∏ß‡πá‡∏ö‡∏ï‡∏£‡∏á ‡∏™‡∏•‡πá‡∏≠‡∏ïpg,‡∏™‡∏•‡πá‡∏≠‡∏ï‡∏°‡∏≤‡∏à‡∏≠‡∏á2 ‡∏ó‡∏∏‡∏ô200 ‡∏ö‡∏ß‡∏Å2‡∏û‡∏±‡∏ô ‡∏Å‡∏≥‡πÑ‡∏£10‡πÄ‡∏ó‡πà‡∏≤ ‡∏´‡∏ß‡∏≤‡∏ô‡πÄ‡∏à‡∏µ‡πä‡∏¢‡∏ö!! | Mahjong ways2  ‡∏™‡∏•‡πá‡∏≠‡∏ï ‡∏™‡∏•‡πá‡∏≠‡∏ï‡πÄ‡∏ß‡πá‡∏ö‡∏ï‡∏£‡∏á...,ZvoRScylh0U,"[{'quality': 'maxres', 'url': 'https://i.ytimg.com/vi/ZvoRScylh0U/maxres.jpg', 'width': 1280, 'height': 720}, {'quality': 'maxresdefault', 'url': 'https://i.ytimg.com/vi/ZvoRScylh0U/maxresdefault.jpg', 'width': 1280, 'height': 720}, {'quality': 'sddefault', 'url': 'https://i.ytimg.com/vi/ZvoRScylh0U/sddefault.jpg', 'width': 640, 'height': 480}, {'quality': 'high', 'url': 'https://i.ytimg.com/vi/ZvoRScylh0U/hqdefault.jpg', 'width': 480, 'height': 360}, {'quality': 'medium', 'url': 'https://i.ytimg.com/vi/ZvoRScylh0U/mqdefault.jpg', 'width': 320, 'height': 180}, {'quality': 'default', 'url': 'https://i.ytimg.com/vi/ZvoRScylh0U/default.jpg', 'width': 120, 'height': 90}, {'quality': 'start', 'url': 'https://i.ytimg.com/vi/ZvoRScylh0U/1.jpg', 'width': 120, 'height': 90}, {'quality': 'middle', 'url': 'https://i.ytimg.com/vi/ZvoRScylh0U/2.jpg', 'width': 120, 'height': 90}, {'quality': 'end', 'url': 'https://i.ytimg.com/vi/ZvoRScylh0U/3.jpg', 'width': 120, 'height': 90}]",‡∏™‡∏•‡πá‡∏≠‡∏ï_‡∏ô‡πâ‡∏≤‡∏•‡∏¥‡∏á,UCHWGiyEPDegodl1e7ZI5UkA,https://www.youtube.com/@SlotMrling,False,9 hours ago,2024-09-26T11:09:47.174Z,"27,784 views",27784,https://www.youtube.com/watch?v=ZvoRScylh0U,424,7:04,False
Shadow and Maria | SONIC X SHADOW GENERATIONS: Dark Beginnings Episode 1,#ad Shadow‚Äôs tragic past ‚Äì rife with conflict and loss ‚Äì haunts his thoughts. But these nightmares come to him while wide awake! Could some sinister force be beckoning to him through...,1s188WNEiqw,"[{'quality': 'maxres', 'url': 'https://i.ytimg.com/vi/1s188WNEiqw/maxres.jpg', 'width': 1280, 'height': 720}, {'quality': 'maxresdefault', 'url': 'https://i.ytimg.com/vi/1s188WNEiqw/maxresdefault.jpg', 'width': 1280, 'height': 720}, {'quality': 'sddefault', 'url': 'https://i.ytimg.com/vi/1s188WNEiqw/sddefault.jpg', 'width': 640, 'height': 480}, {'quality': 'high', 'url': 'https://i.ytimg.com/vi/1s188WNEiqw/hqdefault.jpg', 'width': 480, 'height': 360}, {'quality': 'medium', 'url': 'https://i.ytimg.com/vi/1s188WNEiqw/mqdefault.jpg', 'width': 320, 'height': 180}, {'quality': 'default', 'url': 'https://i.ytimg.com/vi/1s188WNEiqw/default.jpg', 'width': 120, 'height': 90}, {'quality': 'start', 'url': 'https://i.ytimg.com/vi/1s188WNEiqw/1.jpg', 'width': 120, 'height': 90}, {'quality': 'middle', 'url': 'https://i.ytimg.com/vi/1s188WNEiqw/2.jpg', 'width': 120, 'height': 90}, {'quality': 'end', 'url': 'https://i.ytimg.com/vi/1s188WNEiqw/3.jpg', 'width': 120, 'height': 90}]",Sonic the Hedgehog,UCCOSYITWQHRSUxvlQ4_PSCg,https://www.youtube.com/@SonictheHedgehog,True,20 hours ago,2024-09-26T00:09:47.174Z,"566,994 views",566994,https://www.youtube.com/watch?v=1s188WNEiqw,374,6:14,False
Worlds 2024 - Play-Ins Day 2,"WORLDS 2024: MAKE THEM BELIEVE

Worlds is the pinnacle of LoL Esports competition, where for 6 weeks of thrilling, high-stakes international competition across Berlin, Paris, and London, the...",hqxHzZ0ISm0,"[{'quality': 'maxres', 'url': 'https://i.ytimg.com/vi/hqxHzZ0ISm0/maxres.jpg', 'width': 1280, 'height': 720}, {'quality': 'maxresdefault', 'url': 'https://i.ytimg.com/vi/hqxHzZ0ISm0/maxresdefault.jpg', 'width': 1280, 'height': 720}, {'quality': 'sddefault', 'url': 'https://i.ytimg.com/vi/hqxHzZ0ISm0/sddefault.jpg', 'width': 640, 'height': 480}, {'quality': 'high', 'url': 'https://i.ytimg.com/vi/hqxHzZ0ISm0/hqdefault.jpg', 'width': 480, 'height': 360}, {'quality': 'medium', 'url': 'https://i.ytimg.com/vi/hqxHzZ0ISm0/mqdefault.jpg', 'width': 320, 'height': 180}, {'quality': 'default', 'url': 'https://i.ytimg.com/vi/hqxHzZ0ISm0/default.jpg', 'width': 120, 'height': 90}, {'quality': 'start', 'url': 'https://i.ytimg.com/vi/hqxHzZ0ISm0/1.jpg', 'width': 120, 'height': 90}, {'quality': 'middle', 'url': 'https://i.ytimg.com/vi/hqxHzZ0ISm0/2.jpg', 'width': 120, 'height': 90}, {'quality': 'end', 'url': 'https://i.ytimg.com/vi/hqxHzZ0ISm0/3.jpg', 'width': 120, 'height': 90}]",LoL Esports,UCvqRdlKsE5Q8mf8YXbdIJLw,https://www.youtube.com/@lolesports,True,Streamed 3 hours ago,2024-09-26T17:09:47.174Z,"848,474 views",848474,https://www.youtube.com/watch?v=hqxHzZ0ISm0,21536,5:58:56,False
He CANNOT Be Tackled! Wheel of MUT! Ep. #2,"HANDSOME GENTLEMEN... I WELCOME YOU TO ANOTHER ESTEEMED SUPER HEATER FROM THE GOAT PAPA MEAGS HIMSELF. THIS IS WHAT NO NIC WILL DO TO A MUUUUHHHHFFFERRRRR

wow, you stud - thanks for clicking...",Fgu9XxEdPY4,"[{'quality': 'maxres', 'url': 'https://i.ytimg.com/vi/Fgu9XxEdPY4/maxres.jpg', 'width': 1280, 'height': 720}, {'quality': 'maxresdefault', 'url': 'https://i.ytimg.com/vi/Fgu9XxEdPY4/maxresdefault.jpg', 'width': 1280, 'height': 720}, {'quality': 'sddefault', 'url': 'https://i.ytimg.com/vi/Fgu9XxEdPY4/sddefault.jpg', 'width': 640, 'height': 480}, {'quality': 'high', 'url': 'https://i.ytimg.com/vi/Fgu9XxEdPY4/hqdefault.jpg', 'width': 480, 'height': 360}, {'quality': 'medium', 'url': 'https://i.ytimg.com/vi/Fgu9XxEdPY4/mqdefault.jpg', 'width': 320, 'height': 180}, {'quality': 'default', 'url': 'https://i.ytimg.com/vi/Fgu9XxEdPY4/default.jpg', 'width': 120, 'height': 90}, {'quality': 'start', 'url': 'https://i.ytimg.com/vi/Fgu9XxEdPY4/1.jpg', 'width': 120, 'height': 90}, {'quality': 'middle', 'url': 'https://i.ytimg.com/vi/Fgu9XxEdPY4/2.jpg', 'width': 120, 'height': 90}, {'quality': 'end', 'url': 'https://i.ytimg.com/vi/Fgu9XxEdPY4/3.jpg', 'width': 120, 'height': 90}]",MMG,UCaYxyR9mzVlTrOOyZD0XAmA,https://www.youtube.com/@MMG69,True,18 hours ago,2024-09-26T02:09:47.174Z,"282,945 views",282945,https://www.youtube.com/watch?v=Fgu9XxEdPY4,1614,26:54,False
‡∏™‡∏•‡πá‡∏≠‡∏ï‡∏°‡∏≤‡∏à‡∏≠‡∏á2 ‡∏ó‡∏∏‡∏ô1000 ‡∏ö‡∏ß‡∏Å4‡∏û‡∏±‡∏ô ‡πÄ‡∏ö‡∏ó10‡∏à‡πà‡∏≤‡∏¢‡πÄ‡∏î‡∏∑‡∏≠‡∏î‡πÜ!! | Mahjong ways2 ‡∏™‡∏•‡πá‡∏≠‡∏ï ‡∏™‡∏•‡πá‡∏≠‡∏ï‡πÄ‡∏ß‡πá‡∏ö‡∏ï‡∏£‡∏á ‡∏™‡∏•‡πá‡∏≠‡∏ïpg,‡∏™‡∏•‡πá‡∏≠‡∏ï‡∏°‡∏≤‡∏à‡∏≠‡∏á2 ‡∏ó‡∏∏‡∏ô1000 ‡∏ö‡∏ß‡∏Å4‡∏û‡∏±‡∏ô ‡πÄ‡∏ö‡∏ó10‡∏à‡πà‡∏≤‡∏¢‡πÄ‡∏î‡∏∑‡∏≠‡∏î‡πÜ!! | Mahjong ways2 ‡∏™‡∏•‡πá‡∏≠‡∏ï ‡∏™‡∏•‡πá‡∏≠‡∏ï‡πÄ‡∏ß‡πá‡∏ö‡∏ï‡∏£‡∏á ‡∏™‡∏•‡πá‡∏≠‡∏ïpg...,0jeGlmAF2Yk,"[{'quality': 'maxres', 'url': 'https://i.ytimg.com/vi/0jeGlmAF2Yk/maxres.jpg', 'width': 1280, 'height': 720}, {'quality': 'maxresdefault', 'url': 'https://i.ytimg.com/vi/0jeGlmAF2Yk/maxresdefault.jpg', 'width': 1280, 'height': 720}, {'quality': 'sddefault', 'url': 'https://i.ytimg.com/vi/0jeGlmAF2Yk/sddefault.jpg', 'width': 640, 'height': 480}, {'quality': 'high', 'url': 'https://i.ytimg.com/vi/0jeGlmAF2Yk/hqdefault.jpg', 'width': 480, 'height': 360}, {'quality': 'medium', 'url': 'https://i.ytimg.com/vi/0jeGlmAF2Yk/mqdefault.jpg', 'width': 320, 'height': 180}, {'quality': 'default', 'url': 'https://i.ytimg.com/vi/0jeGlmAF2Yk/default.jpg', 'width': 120, 'height': 90}, {'quality': 'start', 'url': 'https://i.ytimg.com/vi/0jeGlmAF2Yk/1.jpg', 'width': 120, 'height': 90}, {'quality': 'middle', 'url': 'https://i.ytimg.com/vi/0jeGlmAF2Yk/2.jpg', 'width': 120, 'height': 90}, {'quality': 'end', 'url': 'https://i.ytimg.com/vi/0jeGlmAF2Yk/3.jpg', 'width': 120, 'height': 90}]",MATROTTV,UCVf5qFhOe0GXGKE8L7fGBVg,https://www.youtube.com/@salotmachin,True,9 hours ago,2024-09-26T11:09:47.174Z,"23,754 views",23754,https://www.youtube.com/watch?v=0jeGlmAF2Yk,439,7:19,False
Ghost of Y≈çtei - Announce Trailer | PS5 Games,"In 1603, Atsu sets out on a journey in the lands surrounding Mount Y≈çtei, an area filled with sprawling grasslands, snowy tundras, and unexpected dangers. Ghost of Y≈çtei comes to PS5 in 2025....",7z7kqwuf0a8,"[{'quality': 'maxres', 'url': 'https://i.ytimg.com/vi/7z7kqwuf0a8/maxres.jpg', 'width': 1280, 'height': 720}, {'quality': 'maxresdefault', 'url': 'https://i.ytimg.com/vi/7z7kqwuf0a8/maxresdefault.jpg', 'width': 1280, 'height': 720}, {'quality': 'sddefault', 'url': 'https://i.ytimg.com/vi/7z7kqwuf0a8/sddefault.jpg', 'width': 640, 'height': 480}, {'quality': 'high', 'url': 'https://i.ytimg.com/vi/7z7kqwuf0a8/hqdefault.jpg', 'width': 480, 'height': 360}, {'quality': 'medium', 'url': 'https://i.ytimg.com/vi/7z7kqwuf0a8/mqdefault.jpg', 'width': 320, 'height': 180}, {'quality': 'default', 'url': 'https://i.ytimg.com/vi/7z7kqwuf0a8/default.jpg', 'width': 120, 'height': 90}, {'quality': 'start', 'url': 'https://i.ytimg.com/vi/7z7kqwuf0a8/1.jpg', 'width': 120, 'height': 90}, {'quality': 'middle', 'url': 'https://i.ytimg.com/vi/7z7kqwuf0a8/2.jpg', 'width': 120, 'height': 90}, {'quality': 'end', 'url': 'https://i.ytimg.com/vi/7z7kqwuf0a8/3.jpg', 'width': 120, 'height': 90}]",PlayStation,UC-2Y8dQb0S6DtpxNgAKoJKA,https://www.youtube.com/@PlayStation,True,1 day ago,2024-09-25T20:09:47.174Z,"4,335,158 views",4335158,https://www.youtube.com/watch?v=7z7kqwuf0a8,187,3:07,False
DRESS TO IMPRESS,"Use star code FLAMINGO when your dog dies
Today I play dress to impress for the first time",ULZJkkjjH_Y,"[{'quality': 'maxres', 'url': 'https://i.ytimg.com/vi/ULZJkkjjH_Y/maxres.jpg', 'width': 1280, 'height': 720}, {'quality': 'maxresdefault', 'url': 'https://i.ytimg.com/vi/ULZJkkjjH_Y/maxresdefault.jpg', 'width': 1280, 'height': 720}, {'quality': 'sddefault', 'url': 'https://i.ytimg.com/vi/ULZJkkjjH_Y/sddefault.jpg', 'width': 640, 'height': 480}, {'quality': 'high', 'url': 'https://i.ytimg.com/vi/ULZJkkjjH_Y/hqdefault.jpg', 'width': 480, 'height': 360}, {'quality': 'medium', 'url': 'https://i.ytimg.com/vi/ULZJkkjjH_Y/mqdefault.jpg', 'width': 320, 'height': 180}, {'quality': 'default', 'url': 'https://i.ytimg.com/vi/ULZJkkjjH_Y/default.jpg', 'width': 120, 'height': 90}, {'quality': 'start', 'url': 'https://i.ytimg.com/vi/ULZJkkjjH_Y/1.jpg', 'width': 120, 'height': 90}, {'quality': 'middle', 'url': 'https://i.ytimg.com/vi/ULZJkkjjH_Y/2.jpg', 'width': 120, 'height': 90}, {'quality': 'end', 'url': 'https://i.ytimg.com/vi/ULZJkkjjH_Y/3.jpg', 'width': 120, 'height': 90}]",Flamingo,UCm-X6o81nRsXQTmqpyArkBQ,https://www.youtube.com/@flamingo,True,17 hours ago,2024-09-26T03:09:47.174Z,"461,841 views",461841,https://www.youtube.com/watch?v=ULZJkkjjH_Y,628,10:28,False
They Come at Night...,"We harvest shadows is the scariest farming game ever
Buy MY coffee: https://topofthemornincoffee.com/
My Comic: https://badegg.co/collections/comics


Edited By: https://www.youtube.com/@Diceroll",VSlBP8YO_sM,"[{'quality': 'maxres', 'url': 'https://i.ytimg.com/vi/VSlBP8YO_sM/maxres.jpg', 'width': 1280, 'height': 720}, {'quality': 'maxresdefault', 'url': 'https://i.ytimg.com/vi/VSlBP8YO_sM/maxresdefault.jpg', 'width': 1280, 'height': 720}, {'quality': 'sddefault', 'url': 'https://i.ytimg.com/vi/VSlBP8YO_sM/sddefault.jpg', 'width': 640, 'height': 480}, {'quality': 'high', 'url': 'https://i.ytimg.com/vi/VSlBP8YO_sM/hqdefault.jpg', 'width': 480, 'height': 360}, {'quality': 'medium', 'url': 'https://i.ytimg.com/vi/VSlBP8YO_sM/mqdefault.jpg', 'width': 320, 'height': 180}, {'quality': 'default', 'url': 'https://i.ytimg.com/vi/VSlBP8YO_sM/default.jpg', 'width': 120, 'height': 90}, {'quality': 'start', 'url': 'https://i.ytimg.com/vi/VSlBP8YO_sM/1.jpg', 'width': 120, 'height': 90}, {'quality': 'middle', 'url': 'https://i.ytimg.com/vi/VSlBP8YO_sM/2.jpg', 'width': 120, 'height': 90}, {'quality': 'end', 'url': 'https://i.ytimg.com/vi/VSlBP8YO_sM/3.jpg', 'width': 120, 'height': 90}]",jacksepticeye,UCYzPXprvl5Y-Sf0g4vX-m6g,https://www.youtube.com/@jacksepticeye,True,1 day ago,2024-09-25T20:09:47.174Z,"774,524 views",774524,https://www.youtube.com/watch?v=VSlBP8YO_sM,4942,1:22:22,False
"I talked to Ubisoft Devs, it's far worse than we thought","Support future videos: https://www.patreon.com/legendarydrops
‚ñ∫ Business Inquiries: legendarydrops@mythictalent.com
‚ñ∫ My Twitch: https://www.twitch.tv/legendary_drops
‚ñ∫ The Discord: https://d...",TUu7-i1kMyg,"[{'quality': 'maxres', 'url': 'https://i.ytimg.com/vi/TUu7-i1kMyg/maxres.jpg', 'width': 1280, 'height': 720}, {'quality': 'maxresdefault', 'url': 'https://i.ytimg.com/vi/TUu7-i1kMyg/maxresdefault.jpg', 'width': 1280, 'height': 720}, {'quality': 'sddefault', 'url': 'https://i.ytimg.com/vi/TUu7-i1kMyg/sddefault.jpg', 'width': 640, 'height': 480}, {'quality': 'high', 'url': 'https://i.ytimg.com/vi/TUu7-i1kMyg/hqdefault.jpg', 'width': 480, 'height': 360}, {'quality': 'medium', 'url': 'https://i.ytimg.com/vi/TUu7-i1kMyg/mqdefault.jpg', 'width': 320, 'height': 180}, {'quality': 'default', 'url': 'https://i.ytimg.com/vi/TUu7-i1kMyg/default.jpg', 'width': 120, 'height': 90}, {'quality': 'start', 'url': 'https://i.ytimg.com/vi/TUu7-i1kMyg/1.jpg', 'width': 120, 'height': 90}, {'quality': 'middle', 'url': 'https://i.ytimg.com/vi/TUu7-i1kMyg/2.jpg', 'width': 120, 'height': 90}, {'quality': 'end', 'url': 'https://i.ytimg.com/vi/TUu7-i1kMyg/3.jpg', 'width': 120, 'height': 90}]",Legendary Drops,UCPKhwe5ok7BLniu-WWVSrxw,https://www.youtube.com/@LegendaryDrops,True,6 hours ago,2024-09-26T14:09:47.174Z,"242,995 views",242995,https://www.youtube.com/watch?v=TUu7-i1kMyg,1365,22:45,False
Metal Gear Solid Delta: Snake Eater - Trailer | TGS 2024,"Check out the latest trailer for Metal Gear Solid Delta, the remake of MGS3: Snake Eater. This TGS trailer features brand new footage from the Virtuous Mission, including your first look at...",fKCkjkyIngU,"[{'quality': 'maxres', 'url': 'https://i.ytimg.com/vi/fKCkjkyIngU/maxres.jpg', 'width': 1280, 'height': 720}, {'quality': 'maxresdefault', 'url': 'https://i.ytimg.com/vi/fKCkjkyIngU/maxresdefault.jpg', 'width': 1280, 'height': 720}, {'quality': 'sddefault', 'url': 'https://i.ytimg.com/vi/fKCkjkyIngU/sddefault.jpg', 'width': 640, 'height': 480}, {'quality': 'high', 'url': 'https://i.ytimg.com/vi/fKCkjkyIngU/hqdefault.jpg', 'width': 480, 'height': 360}, {'quality': 'medium', 'url': 'https://i.ytimg.com/vi/fKCkjkyIngU/mqdefault.jpg', 'width': 320, 'height': 180}, {'quality': 'default', 'url': 'https://i.ytimg.com/vi/fKCkjkyIngU/default.jpg', 'width': 120, 'height': 90}, {'quality': 'start', 'url': 'https://i.ytimg.com/vi/fKCkjkyIngU/1.jpg', 'width': 120, 'height': 90}, {'quality': 'middle', 'url': 'https://i.ytimg.com/vi/fKCkjkyIngU/2.jpg', 'width': 120, 'height': 90}, {'quality': 'end', 'url': 'https://i.ytimg.com/vi/fKCkjkyIngU/3.jpg', 'width': 120, 'height': 90}]",IGN,UCKy1dAqELo0zrOtPkf0eTMw,https://www.youtube.com/@IGN,True,9 hours ago,2024-09-26T11:09:47.174Z,"467,429 views",467429,https://www.youtube.com/watch?v=fKCkjkyIngU,144,2:24,False
I Think Ubisoft Is Finally Dying...,"Hello guys and gals, it's me Mutahar again! This time we take a look at what appears to be Ubisoft's recent woes in losing a massive chunk of their value and finally gamers waking up to see...",Q-XkuXLNRFg,"[{'quality': 'maxres', 'url': 'https://i.ytimg.com/vi/Q-XkuXLNRFg/maxres.jpg', 'width': 1280, 'height': 720}, {'quality': 'maxresdefault', 'url': 'https://i.ytimg.com/vi/Q-XkuXLNRFg/maxresdefault.jpg', 'width': 1280, 'height': 720}, {'quality': 'sddefault', 'url': 'https://i.ytimg.com/vi/Q-XkuXLNRFg/sddefault.jpg', 'width': 640, 'height': 480}, {'quality': 'high', 'url': 'https://i.ytimg.com/vi/Q-XkuXLNRFg/hqdefault.jpg', 'width': 480, 'height': 360}, {'quality': 'medium', 'url': 'https://i.ytimg.com/vi/Q-XkuXLNRFg/mqdefault.jpg', 'width': 320, 'height': 180}, {'quality': 'default', 'url': 'https://i.ytimg.com/vi/Q-XkuXLNRFg/default.jpg', 'width': 120, 'height': 90}, {'quality': 'start', 'url': 'https://i.ytimg.com/vi/Q-XkuXLNRFg/1.jpg', 'width': 120, 'height': 90}, {'quality': 'middle', 'url': 'https://i.ytimg.com/vi/Q-XkuXLNRFg/2.jpg', 'width': 120, 'height': 90}, {'quality': 'end', 'url': 'https://i.ytimg.com/vi/Q-XkuXLNRFg/3.jpg', 'width': 120, 'height': 90}]",SomeOrdinaryGamers,UCtMVHI3AJD4Qk4hcbZnI9ZQ,https://www.youtube.com/@SomeOrdinaryGamers,True,20 hours ago,2024-09-26T00:09:47.174Z,"510,288 views",510288,https://www.youtube.com/watch?v=Q-XkuXLNRFg,1394,23:14,False
Xbox Tokyo Game Show 2024 Broadcast,"American Sign Language: https://youtube.com/live/mWBweCrB3RM
Audio Descriptions: https://youtube.com/live/fE_tEWL5BPk

The Xbox Tokyo Game Show Broadcast returns for its 2024 edition on Thursday,...",RKNhGrXYiHg,"[{'quality': 'maxres', 'url': 'https://i.ytimg.com/vi/RKNhGrXYiHg/maxres.jpg', 'width': 1280, 'height': 720}, {'quality': 'maxresdefault', 'url': 'https://i.ytimg.com/vi/RKNhGrXYiHg/maxresdefault.jpg', 'width': 1280, 'height': 720}, {'quality': 'sddefault', 'url': 'https://i.ytimg.com/vi/RKNhGrXYiHg/sddefault.jpg', 'width': 640, 'height': 480}, {'quality': 'high', 'url': 'https://i.ytimg.com/vi/RKNhGrXYiHg/hqdefault.jpg', 'width': 480, 'height': 360}, {'quality': 'medium', 'url': 'https://i.ytimg.com/vi/RKNhGrXYiHg/mqdefault.jpg', 'width': 320, 'height': 180}, {'quality': 'default', 'url': 'https://i.ytimg.com/vi/RKNhGrXYiHg/default.jpg', 'width': 120, 'height': 90}, {'quality': 'start', 'url': 'https://i.ytimg.com/vi/RKNhGrXYiHg/1.jpg', 'width': 120, 'height': 90}, {'quality': 'middle', 'url': 'https://i.ytimg.com/vi/RKNhGrXYiHg/2.jpg', 'width': 120, 'height': 90}, {'quality': 'end', 'url': 'https://i.ytimg.com/vi/RKNhGrXYiHg/3.jpg', 'width': 120, 'height': 90}]",Xbox,UCjBp_7RuDBUYbd1LegWEJ8g,https://www.youtube.com/@xbox,True,Streamed 9 hours ago,2024-09-26T11:09:47.174Z,"283,538 views",283538,https://www.youtube.com/watch?v=RKNhGrXYiHg,3071,51:11,False
üî¥ LOVERS VS THE WORLD 10 FINALE!,"WISHLIST RIVALS OF AETHER II ‚ñ∫ https://obp.gg/rivals_2
PRE-ORDER RIVALS OF AETHER II ‚ñ∫ https://rivals2.com/pledge

DONATE FOR TTS HERE (PLEASE READ THE TOP OF THE PAGE PLEASE) ‚ñ∫ https://strea...",R-6QY0L19U4,"[{'quality': 'maxres', 'url': 'https://i.ytimg.com/vi/R-6QY0L19U4/maxres.jpg', 'width': 1280, 'height': 720}, {'quality': 'maxresdefault', 'url': 'https://i.ytimg.com/vi/R-6QY0L19U4/maxresdefault.jpg', 'width': 1280, 'height': 720}, {'quality': 'sddefault', 'url': 'https://i.ytimg.com/vi/R-6QY0L19U4/sddefault.jpg', 'width': 640, 'height': 480}, {'quality': 'high', 'url': 'https://i.ytimg.com/vi/R-6QY0L19U4/hqdefault.jpg', 'width': 480, 'height': 360}, {'quality': 'medium', 'url': 'https://i.ytimg.com/vi/R-6QY0L19U4/mqdefault.jpg', 'width': 320, 'height': 180}, {'quality': 'default', 'url': 'https://i.ytimg.com/vi/R-6QY0L19U4/default.jpg', 'width': 120, 'height': 90}, {'quality': 'start', 'url': 'https://i.ytimg.com/vi/R-6QY0L19U4/1.jpg', 'width': 120, 'height': 90}, {'quality': 'middle', 'url': 'https://i.ytimg.com/vi/R-6QY0L19U4/2.jpg', 'width': 120, 'height': 90}, {'quality': 'end', 'url': 'https://i.ytimg.com/vi/R-6QY0L19U4/3.jpg', 'width': 120, 'height': 90}]",Ludwig,UCrPseYLGpNygVi34QpGNqpA,https://www.youtube.com/@ludwig,True,Streamed 12 hours ago,2024-09-26T08:09:47.174Z,"455,634 views",455634,https://www.youtube.com/watch?v=R-6QY0L19U4,36232,10:03:52,False
Heavy Is The Crown ft. Linkin Park (Official Music Video) | League of Legends Worlds 2024 Anthem,"This is a call for greatness to all of the would-be rulers ready to claim the crown for themselves.

""Heavy Is The Crown"" featuring Linkin Park is the official anthem and music video for Worlds...",5FrhtahQiRc,"[{'quality': 'maxres', 'url': 'https://i.ytimg.com/vi/5FrhtahQiRc/maxres.jpg', 'width': 1280, 'height': 720}, {'quality': 'maxresdefault', 'url': 'https://i.ytimg.com/vi/5FrhtahQiRc/maxresdefault.jpg', 'width': 1280, 'height': 720}, {'quality': 'sddefault', 'url': 'https://i.ytimg.com/vi/5FrhtahQiRc/sddefault.jpg', 'width': 640, 'height': 480}, {'quality': 'high', 'url': 'https://i.ytimg.com/vi/5FrhtahQiRc/hqdefault.jpg', 'width': 480, 'height': 360}, {'quality': 'medium', 'url': 'https://i.ytimg.com/vi/5FrhtahQiRc/mqdefault.jpg', 'width': 320, 'height': 180}, {'quality': 'default', 'url': 'https://i.ytimg.com/vi/5FrhtahQiRc/default.jpg', 'width': 120, 'height': 90}, {'quality': 'start', 'url': 'https://i.ytimg.com/vi/5FrhtahQiRc/1.jpg', 'width': 120, 'height': 90}, {'quality': 'middle', 'url': 'https://i.ytimg.com/vi/5FrhtahQiRc/2.jpg', 'width': 120, 'height': 90}, {'quality': 'end', 'url': 'https://i.ytimg.com/vi/5FrhtahQiRc/3.jpg', 'width': 120, 'height': 90}]",League of Legends,UC2t5bjwHdUX4vM2g8TRDq5g,https://www.youtube.com/@leagueoflegends,True,2 days ago,2024-09-24T20:09:47.174Z,"12,512,381 views",12512381,https://www.youtube.com/watch?v=5FrhtahQiRc,226,3:46,False
Pre-ordering the 30th Anniversary PS5 Pro from PlayStation Direct,The PS5 Pro and 30th Anniversary Edition Pro are scheduled at 10amET / 7am PT. This live stream will give you links and tips to help you buy one! THE TIME IS EXACT AND CONFIRMED BY SONY! 30th...,aPOTEefnalg,"[{'quality': 'maxres', 'url': 'https://i.ytimg.com/vi/aPOTEefnalg/maxres.jpg', 'width': 1280, 'height': 720}, {'quality': 'maxresdefault', 'url': 'https://i.ytimg.com/vi/aPOTEefnalg/maxresdefault.jpg', 'width': 1280, 'height': 720}, {'quality': 'sddefault', 'url': 'https://i.ytimg.com/vi/aPOTEefnalg/sddefault.jpg', 'width': 640, 'height': 480}, {'quality': 'high', 'url': 'https://i.ytimg.com/vi/aPOTEefnalg/hqdefault.jpg', 'width': 480, 'height': 360}, {'quality': 'medium', 'url': 'https://i.ytimg.com/vi/aPOTEefnalg/mqdefault.jpg', 'width': 320, 'height': 180}, {'quality': 'default', 'url': 'https://i.ytimg.com/vi/aPOTEefnalg/default.jpg', 'width': 120, 'height': 90}, {'quality': 'start', 'url': 'https://i.ytimg.com/vi/aPOTEefnalg/1.jpg', 'width': 120, 'height': 90}, {'quality': 'middle', 'url': 'https://i.ytimg.com/vi/aPOTEefnalg/2.jpg', 'width': 120, 'height': 90}, {'quality': 'end', 'url': 'https://i.ytimg.com/vi/aPOTEefnalg/3.jpg', 'width': 120, 'height': 90}]",Jake Randall,UCT1Xazfuqh3oY1K_8C3J7fQ,https://www.youtube.com/@JakeRandall,True,Streamed 3 hours ago,2024-09-26T17:09:47.174Z,"82,497 views",82497,https://www.youtube.com/watch?v=aPOTEefnalg,14716,4:05:16,False
JYNXZI VS RICCI,"Get the Jynxzi charm HERE: https://subs.twitch.tv/jynxzi

Get the Jynxzi charm HERE: https://subs.twitch.tv/jynxzi

Get the Jynxzi charm HERE: https://subs.twitch.tv/jynxzi

-----------------------...",vuX207FBZa0,"[{'quality': 'maxres', 'url': 'https://i.ytimg.com/vi/vuX207FBZa0/maxres.jpg', 'width': 1280, 'height': 720}, {'quality': 'maxresdefault', 'url': 'https://i.ytimg.com/vi/vuX207FBZa0/maxresdefault.jpg', 'width': 1280, 'height': 720}, {'quality': 'sddefault', 'url': 'https://i.ytimg.com/vi/vuX207FBZa0/sddefault.jpg', 'width': 640, 'height': 480}, {'quality': 'high', 'url': 'https://i.ytimg.com/vi/vuX207FBZa0/hqdefault.jpg', 'width': 480, 'height': 360}, {'quality': 'medium', 'url': 'https://i.ytimg.com/vi/vuX207FBZa0/mqdefault.jpg', 'width': 320, 'height': 180}, {'quality': 'default', 'url': 'https://i.ytimg.com/vi/vuX207FBZa0/default.jpg', 'width': 120, 'height': 90}, {'quality': 'start', 'url': 'https://i.ytimg.com/vi/vuX207FBZa0/1.jpg', 'width': 120, 'height': 90}, {'quality': 'middle', 'url': 'https://i.ytimg.com/vi/vuX207FBZa0/2.jpg', 'width': 120, 'height': 90}, {'quality': 'end', 'url': 'https://i.ytimg.com/vi/vuX207FBZa0/3.jpg', 'width': 120, 'height': 90}]",Jynxzi,UCjiXtODGCCulmhwypZAWSag,https://www.youtube.com/@Jynxzi,True,1 day ago,2024-09-25T20:09:47.174Z,"295,016 views",295016,https://www.youtube.com/watch?v=vuX207FBZa0,4659,1:17:39,False
Having a DEADPOOL FAMILY in Minecraft!,Today Johnny and his friends all become Deadpool on a superhero one chunk! Can they defeat the super villains and raise their families? Or will they get defeated by evil? Watch to the end to...,og-XjZXeZOA,"[{'quality': 'maxres', 'url': 'https://i.ytimg.com/vi/og-XjZXeZOA/maxres.jpg', 'width': 1280, 'height': 720}, {'quality': 'maxresdefault', 'url': 'https://i.ytimg.com/vi/og-XjZXeZOA/maxresdefault.jpg', 'width': 1280, 'height': 720}, {'quality': 'sddefault', 'url': 'https://i.ytimg.com/vi/og-XjZXeZOA/sddefault.jpg', 'width': 640, 'height': 480}, {'quality': 'high', 'url': 'https://i.ytimg.com/vi/og-XjZXeZOA/hqdefault.jpg', 'width': 480, 'height': 360}, {'quality': 'medium', 'url': 'https://i.ytimg.com/vi/og-XjZXeZOA/mqdefault.jpg', 'width': 320, 'height': 180}, {'quality': 'default', 'url': 'https://i.ytimg.com/vi/og-XjZXeZOA/default.jpg', 'width': 120, 'height': 90}, {'quality': 'start', 'url': 'https://i.ytimg.com/vi/og-XjZXeZOA/1.jpg', 'width': 120, 'height': 90}, {'quality': 'middle', 'url': 'https://i.ytimg.com/vi/og-XjZXeZOA/2.jpg', 'width': 120, 'height': 90}, {'quality': 'end', 'url': 'https://i.ytimg.com/vi/og-XjZXeZOA/3.jpg', 'width': 120, 'height': 90}]",Johnny Minecraft,UCWVSknuLPIRVGWf-4bFKT4Q,https://www.youtube.com/@JohnnyMinecraftYT,True,22 hours ago,2024-09-25T22:09:47.174Z,"307,870 views",307870,https://www.youtube.com/watch?v=og-XjZXeZOA,1637,27:17,False
Playing New And Highly Requested Slot Machines,"Shop our Holiday 2024 merch collection üéÅ üéÑhttps://vegasmatt.shop/collections/holiday

Donate to The Asher House here: https://give-usa.keela.co/vegas-matt-jingle-ornament-tah-donation-form...",N9NN-NDQeeA,"[{'quality': 'maxres', 'url': 'https://i.ytimg.com/vi/N9NN-NDQeeA/maxres.jpg', 'width': 1280, 'height': 720}, {'quality': 'maxresdefault', 'url': 'https://i.ytimg.com/vi/N9NN-NDQeeA/maxresdefault.jpg', 'width': 1280, 'height': 720}, {'quality': 'sddefault', 'url': 'https://i.ytimg.com/vi/N9NN-NDQeeA/sddefault.jpg', 'width': 640, 'height': 480}, {'quality': 'high', 'url': 'https://i.ytimg.com/vi/N9NN-NDQeeA/hqdefault.jpg', 'width': 480, 'height': 360}, {'quality': 'medium', 'url': 'https://i.ytimg.com/vi/N9NN-NDQeeA/mqdefault.jpg', 'width': 320, 'height': 180}, {'quality': 'default', 'url': 'https://i.ytimg.com/vi/N9NN-NDQeeA/default.jpg', 'width': 120, 'height': 90}, {'quality': 'start', 'url': 'https://i.ytimg.com/vi/N9NN-NDQeeA/1.jpg', 'width': 120, 'height': 90}, {'quality': 'middle', 'url': 'https://i.ytimg.com/vi/N9NN-NDQeeA/2.jpg', 'width': 120, 'height': 90}, {'quality': 'end', 'url': 'https://i.ytimg.com/vi/N9NN-NDQeeA/3.jpg', 'width': 120, 'height': 90}]",Vegas Matt,UCbCQBD9gKSEnNtIqmKY1R3Q,https://www.youtube.com/@VegasMatt,True,1 day ago,2024-09-25T20:09:47.174Z,"364,096 views",364096,https://www.youtube.com/watch?v=N9NN-NDQeeA,2659,44:19,False
The SHIN SONIC INFECTION in Roblox!,"https://tylerandsnowi.store/ is NOW OPEN!! ü•≥  Plushies available for a limited time so don't miss out!
Today in Roblox THE SHIN SONIC TAPES Tyler and Snowi must save KNUCKLES and AMY !!...",F64bmKaTwdI,"[{'quality': 'maxres', 'url': 'https://i.ytimg.com/vi/F64bmKaTwdI/maxres.jpg', 'width': 1280, 'height': 720}, {'quality': 'maxresdefault', 'url': 'https://i.ytimg.com/vi/F64bmKaTwdI/maxresdefault.jpg', 'width': 1280, 'height': 720}, {'quality': 'sddefault', 'url': 'https://i.ytimg.com/vi/F64bmKaTwdI/sddefault.jpg', 'width': 640, 'height': 480}, {'quality': 'high', 'url': 'https://i.ytimg.com/vi/F64bmKaTwdI/hqdefault.jpg', 'width': 480, 'height': 360}, {'quality': 'medium', 'url': 'https://i.ytimg.com/vi/F64bmKaTwdI/mqdefault.jpg', 'width': 320, 'height': 180}, {'quality': 'default', 'url': 'https://i.ytimg.com/vi/F64bmKaTwdI/default.jpg', 'width': 120, 'height': 90}, {'quality': 'start', 'url': 'https://i.ytimg.com/vi/F64bmKaTwdI/1.jpg', 'width': 120, 'height': 90}, {'quality': 'middle', 'url': 'https://i.ytimg.com/vi/F64bmKaTwdI/2.jpg', 'width': 120, 'height': 90}, {'quality': 'end', 'url': 'https://i.ytimg.com/vi/F64bmKaTwdI/3.jpg', 'width': 120, 'height': 90}]",Tyler & Snowi,UCzzF1kdBgwv5RB6rbB6kVSA,https://www.youtube.com/@TylerAndSnowi,True,22 hours ago,2024-09-25T22:09:47.174Z,"372,172 views",372172,https://www.youtube.com/watch?v=F64bmKaTwdI,1127,18:47,False
21 Fortnite Bugs That Became Features!,"This video is sponsored by Epic Games! Check out the island for yourself using this island code: 1442-4257-4418!! #FindItInFortnite #EpicPartner @Fortnite

21 Fortnite Bugs That BECAME Features...",_IIk53ubn9E,"[{'quality': 'maxres', 'url': 'https://i.ytimg.com/vi/_IIk53ubn9E/maxres.jpg', 'width': 1280, 'height': 720}, {'quality': 'maxresdefault', 'url': 'https://i.ytimg.com/vi/_IIk53ubn9E/maxresdefault.jpg', 'width': 1280, 'height': 720}, {'quality': 'sddefault', 'url': 'https://i.ytimg.com/vi/_IIk53ubn9E/sddefault.jpg', 'width': 640, 'height': 480}, {'quality': 'high', 'url': 'https://i.ytimg.com/vi/_IIk53ubn9E/hqdefault.jpg', 'width': 480, 'height': 360}, {'quality': 'medium', 'url': 'https://i.ytimg.com/vi/_IIk53ubn9E/mqdefault.jpg', 'width': 320, 'height': 180}, {'quality': 'default', 'url': 'https://i.ytimg.com/vi/_IIk53ubn9E/default.jpg', 'width': 120, 'height': 90}, {'quality': 'start', 'url': 'https://i.ytimg.com/vi/_IIk53ubn9E/1.jpg', 'width': 120, 'height': 90}, {'quality': 'middle', 'url': 'https://i.ytimg.com/vi/_IIk53ubn9E/2.jpg', 'width': 120, 'height': 90}, {'quality': 'end', 'url': 'https://i.ytimg.com/vi/_IIk53ubn9E/3.jpg', 'width': 120, 'height': 90}]",Top5Gaming,UCYn6CZe5UGIyPe9WJb0pTrg,https://www.youtube.com/@T5G,True,23 hours ago,2024-09-25T21:09:47.174Z,"412,581 views",412581,https://www.youtube.com/watch?v=_IIk53ubn9E,766,12:46,False
Playing as a PROTECTIVE Dragon in Minecraft!,"Aphmau‚Äôs really DRAGON KC around!
üíú Come take a look at my merch! üíú https://aphmeow.com/
‚ñ∫ Instagram: https://www.instagram.com/aphmau_ 

====. * ÔΩ• ÔΩ°Ôæü‚òÜ [Friends!] ‚òÜÔΩ°ÔæüÔΩ•*...",xYASnA4EqJs,"[{'quality': 'maxres', 'url': 'https://i.ytimg.com/vi/xYASnA4EqJs/maxres.jpg', 'width': 1280, 'height': 720}, {'quality': 'maxresdefault', 'url': 'https://i.ytimg.com/vi/xYASnA4EqJs/maxresdefault.jpg', 'width': 1280, 'height': 720}, {'quality': 'sddefault', 'url': 'https://i.ytimg.com/vi/xYASnA4EqJs/sddefault.jpg', 'width': 640, 'height': 480}, {'quality': 'high', 'url': 'https://i.ytimg.com/vi/xYASnA4EqJs/hqdefault.jpg', 'width': 480, 'height': 360}, {'quality': 'medium', 'url': 'https://i.ytimg.com/vi/xYASnA4EqJs/mqdefault.jpg', 'width': 320, 'height': 180}, {'quality': 'default', 'url': 'https://i.ytimg.com/vi/xYASnA4EqJs/default.jpg', 'width': 120, 'height': 90}, {'quality': 'start', 'url': 'https://i.ytimg.com/vi/xYASnA4EqJs/1.jpg', 'width': 120, 'height': 90}, {'quality': 'middle', 'url': 'https://i.ytimg.com/vi/xYASnA4EqJs/2.jpg', 'width': 120, 'height': 90}, {'quality': 'end', 'url': 'https://i.ytimg.com/vi/xYASnA4EqJs/3.jpg', 'width': 120, 'height': 90}]",Aphmau,UCzYfz8uibvnB7Yc1LjePi4g,https://www.youtube.com/@Aphmau,True,1 day ago,2024-09-25T20:09:47.174Z,"446,259 views",446259,https://www.youtube.com/watch?v=xYASnA4EqJs,1135,18:55,False
trolling salty kids with trap base... Rust,"‚û§ 2nd channel - https://www.youtube.com/user/SnipingSoup
‚û§ VODS - https://www.youtube.com/channel/UCeJnECtsGqzCQd7rP81-KnA
‚û§ Stream - https://www.twitch.tv/snipingsoup
‚û§ Twitter - https://t...",dR5XMULj3DI,"[{'quality': 'maxres', 'url': 'https://i.ytimg.com/vi/dR5XMULj3DI/maxres.jpg', 'width': 1280, 'height': 720}, {'quality': 'maxresdefault', 'url': 'https://i.ytimg.com/vi/dR5XMULj3DI/maxresdefault.jpg', 'width': 1280, 'height': 720}, {'quality': 'sddefault', 'url': 'https://i.ytimg.com/vi/dR5XMULj3DI/sddefault.jpg', 'width': 640, 'height': 480}, {'quality': 'high', 'url': 'https://i.ytimg.com/vi/dR5XMULj3DI/hqdefault.jpg', 'width': 480, 'height': 360}, {'quality': 'medium', 'url': 'https://i.ytimg.com/vi/dR5XMULj3DI/mqdefault.jpg', 'width': 320, 'height': 180}, {'quality': 'default', 'url': 'https://i.ytimg.com/vi/dR5XMULj3DI/default.jpg', 'width': 120, 'height': 90}, {'quality': 'start', 'url': 'https://i.ytimg.com/vi/dR5XMULj3DI/1.jpg', 'width': 120, 'height': 90}, {'quality': 'middle', 'url': 'https://i.ytimg.com/vi/dR5XMULj3DI/2.jpg', 'width': 120, 'height': 90}, {'quality': 'end', 'url': 'https://i.ytimg.com/vi/dR5XMULj3DI/3.jpg', 'width': 120, 'height': 90}]",Soup,UCifRgVk-GEo1_vvf8x53t6A,https://www.youtube.com/@soup,True,23 hours ago,2024-09-25T21:09:47.174Z,"196,443 views",196443,https://www.youtube.com/watch?v=dR5XMULj3DI,4601,1:16:41,False
MARK FINALLY PLAYS ROCKET LEAGUE & EVERYBODY IS ALREADY HEATED,"üëæ FOLLOW US ON TWITCH: https://www.twitch.tv/rdcgaming
üëª RDC Snapchat: https://www.snapchat.com/add/rdcuniverse1

MARK FINALLY PLAYS ROCKET LEAGUE & EVERYBODY IS ALREADY HEATED

üåéRDC's...",x0bstUlG4mU,"[{'quality': 'maxres', 'url': 'https://i.ytimg.com/vi/x0bstUlG4mU/maxres.jpg', 'width': 1280, 'height': 720}, {'quality': 'maxresdefault', 'url': 'https://i.ytimg.com/vi/x0bstUlG4mU/maxresdefault.jpg', 'width': 1280, 'height': 720}, {'quality': 'sddefault', 'url': 'https://i.ytimg.com/vi/x0bstUlG4mU/sddefault.jpg', 'width': 640, 'height': 480}, {'quality': 'high', 'url': 'https://i.ytimg.com/vi/x0bstUlG4mU/hqdefault.jpg', 'width': 480, 'height': 360}, {'quality': 'medium', 'url': 'https://i.ytimg.com/vi/x0bstUlG4mU/mqdefault.jpg', 'width': 320, 'height': 180}, {'quality': 'default', 'url': 'https://i.ytimg.com/vi/x0bstUlG4mU/default.jpg', 'width': 120, 'height': 90}, {'quality': 'start', 'url': 'https://i.ytimg.com/vi/x0bstUlG4mU/1.jpg', 'width': 120, 'height': 90}, {'quality': 'middle', 'url': 'https://i.ytimg.com/vi/x0bstUlG4mU/2.jpg', 'width': 120, 'height': 90}, {'quality': 'end', 'url': 'https://i.ytimg.com/vi/x0bstUlG4mU/3.jpg', 'width': 120, 'height': 90}]",RDC Live,UCOnECY8FBKKPVi5ZsSgXPJA,https://www.youtube.com/@RDCLive1,True,3 hours ago,2024-09-26T17:09:47.174Z,"29,973 views",29973,https://www.youtube.com/watch?v=x0bstUlG4mU,5641,1:34:01,False
FATAL FURY: CotW √ó STREET FIGHTERÔΩúTeaser Trailer,"Street Fighter‚Äôs Ken and Chun-Li rev into overdrive in FATAL FURY: City of the Wolves!
Ken and Chun-Li from renowned fighting game franchise Street Fighter (Capcom) are joining FATAL FURY:...",DfiF8Guf1bA,"[{'quality': 'maxres', 'url': 'https://i.ytimg.com/vi/DfiF8Guf1bA/maxres.jpg', 'width': 1280, 'height': 720}, {'quality': 'maxresdefault', 'url': 'https://i.ytimg.com/vi/DfiF8Guf1bA/maxresdefault.jpg', 'width': 1280, 'height': 720}, {'quality': 'sddefault', 'url': 'https://i.ytimg.com/vi/DfiF8Guf1bA/sddefault.jpg', 'width': 640, 'height': 480}, {'quality': 'high', 'url': 'https://i.ytimg.com/vi/DfiF8Guf1bA/hqdefault.jpg', 'width': 480, 'height': 360}, {'quality': 'medium', 'url': 'https://i.ytimg.com/vi/DfiF8Guf1bA/mqdefault.jpg', 'width': 320, 'height': 180}, {'quality': 'default', 'url': 'https://i.ytimg.com/vi/DfiF8Guf1bA/default.jpg', 'width': 120, 'height': 90}, {'quality': 'start', 'url': 'https://i.ytimg.com/vi/DfiF8Guf1bA/1.jpg', 'width': 120, 'height': 90}, {'quality': 'middle', 'url': 'https://i.ytimg.com/vi/DfiF8Guf1bA/2.jpg', 'width': 120, 'height': 90}, {'quality': 'end', 'url': 'https://i.ytimg.com/vi/DfiF8Guf1bA/3.jpg', 'width': 120, 'height': 90}]",SNK OFFICIAL,UCI-Q7uYhRVMxyrmcZRf0Egg,https://www.youtube.com/@snkplaymoreGame,False,8 hours ago,2024-09-26T12:09:47.174Z,"172,583 views",172583,https://www.youtube.com/watch?v=DfiF8Guf1bA,58,0:58,False
Coming Out..,"Asmongold Clips / Asmongold Reacts To: Kotaku's extraordinaire didn't like Baldys take about Ghost of Yotei


On this Asmongold Clips Youtube Channel you'll never quit finding all the funny...",PYpzR1appRU,"[{'quality': 'maxres', 'url': 'https://i.ytimg.com/vi/PYpzR1appRU/maxres.jpg', 'width': 1280, 'height': 720}, {'quality': 'maxresdefault', 'url': 'https://i.ytimg.com/vi/PYpzR1appRU/maxresdefault.jpg', 'width': 1280, 'height': 720}, {'quality': 'sddefault', 'url': 'https://i.ytimg.com/vi/PYpzR1appRU/sddefault.jpg', 'width': 640, 'height': 480}, {'quality': 'high', 'url': 'https://i.ytimg.com/vi/PYpzR1appRU/hqdefault.jpg', 'width': 480, 'height': 360}, {'quality': 'medium', 'url': 'https://i.ytimg.com/vi/PYpzR1appRU/mqdefault.jpg', 'width': 320, 'height': 180}, {'quality': 'default', 'url': 'https://i.ytimg.com/vi/PYpzR1appRU/default.jpg', 'width': 120, 'height': 90}, {'quality': 'start', 'url': 'https://i.ytimg.com/vi/PYpzR1appRU/1.jpg', 'width': 120, 'height': 90}, {'quality': 'middle', 'url': 'https://i.ytimg.com/vi/PYpzR1appRU/2.jpg', 'width': 120, 'height': 90}, {'quality': 'end', 'url': 'https://i.ytimg.com/vi/PYpzR1appRU/3.jpg', 'width': 120, 'height': 90}]",Asmongold Clips,UCMwJJL5FJFuTRT55ksbQ4GQ,https://www.youtube.com/@AsmongoldClips,True,18 hours ago,2024-09-26T02:09:47.174Z,"580,993 views",580993,https://www.youtube.com/watch?v=PYpzR1appRU,91,1:31,False
"Ghost of Yotei, Legacy of Kain + Nintendo sues Palworld | This Week in Videogames",Thanks to SteelSeries for sponsoring the video. Get 12% off the all new Apex Gen 3 Keyboard when you use offer code SKILLUP at checkout: https://steelseries.com/gaming-keyboards/apex-pro-gen-3...,MVEROGdBtnU,"[{'quality': 'maxres', 'url': 'https://i.ytimg.com/vi/MVEROGdBtnU/maxres.jpg', 'width': 1280, 'height': 720}, {'quality': 'maxresdefault', 'url': 'https://i.ytimg.com/vi/MVEROGdBtnU/maxresdefault.jpg', 'width': 1280, 'height': 720}, {'quality': 'sddefault', 'url': 'https://i.ytimg.com/vi/MVEROGdBtnU/sddefault.jpg', 'width': 640, 'height': 480}, {'quality': 'high', 'url': 'https://i.ytimg.com/vi/MVEROGdBtnU/hqdefault.jpg', 'width': 480, 'height': 360}, {'quality': 'medium', 'url': 'https://i.ytimg.com/vi/MVEROGdBtnU/mqdefault.jpg', 'width': 320, 'height': 180}, {'quality': 'default', 'url': 'https://i.ytimg.com/vi/MVEROGdBtnU/default.jpg', 'width': 120, 'height': 90}, {'quality': 'start', 'url': 'https://i.ytimg.com/vi/MVEROGdBtnU/1.jpg', 'width': 120, 'height': 90}, {'quality': 'middle', 'url': 'https://i.ytimg.com/vi/MVEROGdBtnU/2.jpg', 'width': 120, 'height': 90}, {'quality': 'end', 'url': 'https://i.ytimg.com/vi/MVEROGdBtnU/3.jpg', 'width': 120, 'height': 90}]",Skill Up,UCZ7AeeVbyslLM_8-nVy2B8Q,https://www.youtube.com/@SkillUp,True,7 hours ago,2024-09-26T13:09:47.174Z,"104,074 views",104074,https://www.youtube.com/watch?v=MVEROGdBtnU,2388,39:48,False
MAX REACTS: KEN & CHUN LI IN FATAL FURY,"#FatalFury #StreetFighter #Reaction
Check out our Livestream! http://twitch.tv/maximilian_dood

Our official merch collection! ‚ñ∫‚ñ∫‚ñ∫ https://maxdood.tv/merch
Follow Me on Twitter! http://www.tw...",Hpuijx0cMD8,"[{'quality': 'maxres', 'url': 'https://i.ytimg.com/vi/Hpuijx0cMD8/maxres.jpg', 'width': 1280, 'height': 720}, {'quality': 'maxresdefault', 'url': 'https://i.ytimg.com/vi/Hpuijx0cMD8/maxresdefault.jpg', 'width': 1280, 'height': 720}, {'quality': 'sddefault', 'url': 'https://i.ytimg.com/vi/Hpuijx0cMD8/sddefault.jpg', 'width': 640, 'height': 480}, {'quality': 'high', 'url': 'https://i.ytimg.com/vi/Hpuijx0cMD8/hqdefault.jpg', 'width': 480, 'height': 360}, {'quality': 'medium', 'url': 'https://i.ytimg.com/vi/Hpuijx0cMD8/mqdefault.jpg', 'width': 320, 'height': 180}, {'quality': 'default', 'url': 'https://i.ytimg.com/vi/Hpuijx0cMD8/default.jpg', 'width': 120, 'height': 90}, {'quality': 'start', 'url': 'https://i.ytimg.com/vi/Hpuijx0cMD8/1.jpg', 'width': 120, 'height': 90}, {'quality': 'middle', 'url': 'https://i.ytimg.com/vi/Hpuijx0cMD8/2.jpg', 'width': 120, 'height': 90}, {'quality': 'end', 'url': 'https://i.ytimg.com/vi/Hpuijx0cMD8/3.jpg', 'width': 120, 'height': 90}]",Maximilian Dood,UCOgaIuQYGr6ow_jbote4BKA,https://www.youtube.com/@Maximilian_Dood,True,7 hours ago,2024-09-26T13:09:47.174Z,"184,368 views",184368,https://www.youtube.com/watch?v=Hpuijx0cMD8,1245,20:45,False
Zelda Pro Plays Echoes of Wisdom for the First Time,"I played The Legend of Zelda: Echoes of Wisdom and gave my gameplay and thoughts about the game. overall review is good. I like it.

You should watch me live on Twitch:
https://twitch.tv/Smallant...",JblKN2GC8xY,"[{'quality': 'maxres', 'url': 'https://i.ytimg.com/vi/JblKN2GC8xY/maxres.jpg', 'width': 1280, 'height': 720}, {'quality': 'maxresdefault', 'url': 'https://i.ytimg.com/vi/JblKN2GC8xY/maxresdefault.jpg', 'width': 1280, 'height': 720}, {'quality': 'sddefault', 'url': 'https://i.ytimg.com/vi/JblKN2GC8xY/sddefault.jpg', 'width': 640, 'height': 480}, {'quality': 'high', 'url': 'https://i.ytimg.com/vi/JblKN2GC8xY/hqdefault.jpg', 'width': 480, 'height': 360}, {'quality': 'medium', 'url': 'https://i.ytimg.com/vi/JblKN2GC8xY/mqdefault.jpg', 'width': 320, 'height': 180}, {'quality': 'default', 'url': 'https://i.ytimg.com/vi/JblKN2GC8xY/default.jpg', 'width': 120, 'height': 90}, {'quality': 'start', 'url': 'https://i.ytimg.com/vi/JblKN2GC8xY/1.jpg', 'width': 120, 'height': 90}, {'quality': 'middle', 'url': 'https://i.ytimg.com/vi/JblKN2GC8xY/2.jpg', 'width': 120, 'height': 90}, {'quality': 'end', 'url': 'https://i.ytimg.com/vi/JblKN2GC8xY/3.jpg', 'width': 120, 'height': 90}]",SmallAnt,UC0VVYtw21rg2cokUystu2Dw,https://www.youtube.com/@Smallant,True,10 hours ago,2024-09-26T10:09:47.174Z,"193,254 views",193254,https://www.youtube.com/watch?v=JblKN2GC8xY,2133,35:33,False
BRO! THIS IS LEGIT THE BEST PLAYER I HAVE EVER SEEN IN CFB HISTORY!,"Today we have season 2 of my College Football 25 Miami Hurricanes Dynasty and we debut the greatest 5 star recruit I have ever seen!  
Timestamps:

00:00 - Intro
01:36 - Meeting new recruits!...",LffjRsxwOPs,"[{'quality': 'maxres', 'url': 'https://i.ytimg.com/vi/LffjRsxwOPs/maxres.jpg', 'width': 1280, 'height': 720}, {'quality': 'maxresdefault', 'url': 'https://i.ytimg.com/vi/LffjRsxwOPs/maxresdefault.jpg', 'width': 1280, 'height': 720}, {'quality': 'sddefault', 'url': 'https://i.ytimg.com/vi/LffjRsxwOPs/sddefault.jpg', 'width': 640, 'height': 480}, {'quality': 'high', 'url': 'https://i.ytimg.com/vi/LffjRsxwOPs/hqdefault.jpg', 'width': 480, 'height': 360}, {'quality': 'medium', 'url': 'https://i.ytimg.com/vi/LffjRsxwOPs/mqdefault.jpg', 'width': 320, 'height': 180}, {'quality': 'default', 'url': 'https://i.ytimg.com/vi/LffjRsxwOPs/default.jpg', 'width': 120, 'height': 90}, {'quality': 'start', 'url': 'https://i.ytimg.com/vi/LffjRsxwOPs/1.jpg', 'width': 120, 'height': 90}, {'quality': 'middle', 'url': 'https://i.ytimg.com/vi/LffjRsxwOPs/2.jpg', 'width': 120, 'height': 90}, {'quality': 'end', 'url': 'https://i.ytimg.com/vi/LffjRsxwOPs/3.jpg', 'width': 120, 'height': 90}]",TDBarrett,UCYdHjl9aX-8Fwyg0OBOL21g,https://www.youtube.com/@TDBarrett,True,1 day ago,2024-09-25T20:09:47.174Z,"77,649 views",77649,https://www.youtube.com/watch?v=LffjRsxwOPs,13641,3:47:21,False
THIS IS CLEAN CORNERRRR!!! | Supermarket Simulator [14],"So Arin hates the Amazon, huh?
3 new mods, 1 left to discover!

Click to SUBSCRIBE ‚ñ∫ http://bit.ly/GrumpSubscribe

Support us on Patreon! ‚ñ∫ https://www.patreon.com/gamegrumps

*****************...",DFvTYBUzxug,"[{'quality': 'maxres', 'url': 'https://i.ytimg.com/vi/DFvTYBUzxug/maxres.jpg', 'width': 1280, 'height': 720}, {'quality': 'maxresdefault', 'url': 'https://i.ytimg.com/vi/DFvTYBUzxug/maxresdefault.jpg', 'width': 1280, 'height': 720}, {'quality': 'sddefault', 'url': 'https://i.ytimg.com/vi/DFvTYBUzxug/sddefault.jpg', 'width': 640, 'height': 480}, {'quality': 'high', 'url': 'https://i.ytimg.com/vi/DFvTYBUzxug/hqdefault.jpg', 'width': 480, 'height': 360}, {'quality': 'medium', 'url': 'https://i.ytimg.com/vi/DFvTYBUzxug/mqdefault.jpg', 'width': 320, 'height': 180}, {'quality': 'default', 'url': 'https://i.ytimg.com/vi/DFvTYBUzxug/default.jpg', 'width': 120, 'height': 90}, {'quality': 'start', 'url': 'https://i.ytimg.com/vi/DFvTYBUzxug/1.jpg', 'width': 120, 'height': 90}, {'quality': 'middle', 'url': 'https://i.ytimg.com/vi/DFvTYBUzxug/2.jpg', 'width': 120, 'height': 90}, {'quality': 'end', 'url': 'https://i.ytimg.com/vi/DFvTYBUzxug/3.jpg', 'width': 120, 'height': 90}]",GameGrumps,UC9CuvdOVfMPvKCiwdGKL3cQ,https://www.youtube.com/@GameGrumps,True,1 day ago,2024-09-25T20:09:47.174Z,"213,868 views",213868,https://www.youtube.com/watch?v=DFvTYBUzxug,2408,40:08,False
I PRETENDED TO BE A NOOB In ROBLOX RIVALS!? (TROLLING MY BEST FRIEND!),"I PRETENDED TO BE A NOOB In ROBLOX RIVALS!? (TROLLING MY BEST FRIEND!)
LANKYBOX MERCH (Foxy+Boxy+Rocky plushie!)! ‚ñ∫ https://www.LankyBoxShop.com
Get Foxy & Boxy PLUSHIES on Amazon!
https://www.Am...",LaPO4Qz5X3U,"[{'quality': 'maxres', 'url': 'https://i.ytimg.com/vi/LaPO4Qz5X3U/maxres.jpg', 'width': 1280, 'height': 720}, {'quality': 'maxresdefault', 'url': 'https://i.ytimg.com/vi/LaPO4Qz5X3U/maxresdefault.jpg', 'width': 1280, 'height': 720}, {'quality': 'sddefault', 'url': 'https://i.ytimg.com/vi/LaPO4Qz5X3U/sddefault.jpg', 'width': 640, 'height': 480}, {'quality': 'high', 'url': 'https://i.ytimg.com/vi/LaPO4Qz5X3U/hqdefault.jpg', 'width': 480, 'height': 360}, {'quality': 'medium', 'url': 'https://i.ytimg.com/vi/LaPO4Qz5X3U/mqdefault.jpg', 'width': 320, 'height': 180}, {'quality': 'default', 'url': 'https://i.ytimg.com/vi/LaPO4Qz5X3U/default.jpg', 'width': 120, 'height': 90}, {'quality': 'start', 'url': 'https://i.ytimg.com/vi/LaPO4Qz5X3U/1.jpg', 'width': 120, 'height': 90}, {'quality': 'middle', 'url': 'https://i.ytimg.com/vi/LaPO4Qz5X3U/2.jpg', 'width': 120, 'height': 90}, {'quality': 'end', 'url': 'https://i.ytimg.com/vi/LaPO4Qz5X3U/3.jpg', 'width': 120, 'height': 90}]",LankyBox,UCSf0s2ogUVYpJPuzW1zpAOg,https://www.youtube.com/@LankyBox,True,1 day ago,2024-09-25T20:09:47.174Z,"370,030 views",370030,https://www.youtube.com/watch?v=LaPO4Qz5X3U,1232,20:32,False
BLACK OPS 6 just got even better,"BLOG
https://www.callofduty.com/blog/2024/09/call-of-duty-black-ops-6-mp-road-to-launch

Enjoy!

Twitter - https://twitter.com/Jev
Twitch - http://www.twitch.tv/Jev
Instagram - http://instagram.com...",dqH32azY-H0,"[{'quality': 'maxres', 'url': 'https://i.ytimg.com/vi/dqH32azY-H0/maxres.jpg', 'width': 1280, 'height': 720}, {'quality': 'maxresdefault', 'url': 'https://i.ytimg.com/vi/dqH32azY-H0/maxresdefault.jpg', 'width': 1280, 'height': 720}, {'quality': 'sddefault', 'url': 'https://i.ytimg.com/vi/dqH32azY-H0/sddefault.jpg', 'width': 640, 'height': 480}, {'quality': 'high', 'url': 'https://i.ytimg.com/vi/dqH32azY-H0/hqdefault.jpg', 'width': 480, 'height': 360}, {'quality': 'medium', 'url': 'https://i.ytimg.com/vi/dqH32azY-H0/mqdefault.jpg', 'width': 320, 'height': 180}, {'quality': 'default', 'url': 'https://i.ytimg.com/vi/dqH32azY-H0/default.jpg', 'width': 120, 'height': 90}, {'quality': 'start', 'url': 'https://i.ytimg.com/vi/dqH32azY-H0/1.jpg', 'width': 120, 'height': 90}, {'quality': 'middle', 'url': 'https://i.ytimg.com/vi/dqH32azY-H0/2.jpg', 'width': 120, 'height': 90}, {'quality': 'end', 'url': 'https://i.ytimg.com/vi/dqH32azY-H0/3.jpg', 'width': 120, 'height': 90}]",FaZe Jev,UC7trU46U_9XPDtMnDbiDPUQ,https://www.youtube.com/@Jev,True,21 hours ago,2024-09-25T23:09:47.174Z,"346,644 views",346644,https://www.youtube.com/watch?v=dqH32azY-H0,761,12:41,False
The *STARK DRONE* ONLY Challenge in Fortnite,"Stark Industry drones are kind of INSANE. Today we look at what we can find in them in the Stark Drone ONLY Challenge!

Use code tomato because it's cool (Epic partner)

Music from epidemicsound",awgMAW-uRVY,"[{'quality': 'maxres', 'url': 'https://i.ytimg.com/vi/awgMAW-uRVY/maxres.jpg', 'width': 1280, 'height': 720}, {'quality': 'maxresdefault', 'url': 'https://i.ytimg.com/vi/awgMAW-uRVY/maxresdefault.jpg', 'width': 1280, 'height': 720}, {'quality': 'sddefault', 'url': 'https://i.ytimg.com/vi/awgMAW-uRVY/sddefault.jpg', 'width': 640, 'height': 480}, {'quality': 'high', 'url': 'https://i.ytimg.com/vi/awgMAW-uRVY/hqdefault.jpg', 'width': 480, 'height': 360}, {'quality': 'medium', 'url': 'https://i.ytimg.com/vi/awgMAW-uRVY/mqdefault.jpg', 'width': 320, 'height': 180}, {'quality': 'default', 'url': 'https://i.ytimg.com/vi/awgMAW-uRVY/default.jpg', 'width': 120, 'height': 90}, {'quality': 'start', 'url': 'https://i.ytimg.com/vi/awgMAW-uRVY/1.jpg', 'width': 120, 'height': 90}, {'quality': 'middle', 'url': 'https://i.ytimg.com/vi/awgMAW-uRVY/2.jpg', 'width': 120, 'height': 90}, {'quality': 'end', 'url': 'https://i.ytimg.com/vi/awgMAW-uRVY/3.jpg', 'width': 120, 'height': 90}]",Tomato - Fortnite,UC3yHtryql8S7y2jukpFsZSg,https://www.youtube.com/@TomatoFortnite,True,23 hours ago,2024-09-25T21:09:47.174Z,"240,125 views",240125,https://www.youtube.com/watch?v=awgMAW-uRVY,534,8:54,False
"Yep, Minecraft just LEAKED THE NEXT UPDATE.","View this Minecraft archived link at your own peril: https://web.archive.org/web/20240924192904/https://www.minecraft.net/en-us/live/

Merch: https://phoenixsc.store/
Cape: https://store.badlion.ne...",n1wKapn6yJw,"[{'quality': 'maxres', 'url': 'https://i.ytimg.com/vi/n1wKapn6yJw/maxres.jpg', 'width': 1280, 'height': 720}, {'quality': 'maxresdefault', 'url': 'https://i.ytimg.com/vi/n1wKapn6yJw/maxresdefault.jpg', 'width': 1280, 'height': 720}, {'quality': 'sddefault', 'url': 'https://i.ytimg.com/vi/n1wKapn6yJw/sddefault.jpg', 'width': 640, 'height': 480}, {'quality': 'high', 'url': 'https://i.ytimg.com/vi/n1wKapn6yJw/hqdefault.jpg', 'width': 480, 'height': 360}, {'quality': 'medium', 'url': 'https://i.ytimg.com/vi/n1wKapn6yJw/mqdefault.jpg', 'width': 320, 'height': 180}, {'quality': 'default', 'url': 'https://i.ytimg.com/vi/n1wKapn6yJw/default.jpg', 'width': 120, 'height': 90}, {'quality': 'start', 'url': 'https://i.ytimg.com/vi/n1wKapn6yJw/1.jpg', 'width': 120, 'height': 90}, {'quality': 'middle', 'url': 'https://i.ytimg.com/vi/n1wKapn6yJw/2.jpg', 'width': 120, 'height': 90}, {'quality': 'end', 'url': 'https://i.ytimg.com/vi/n1wKapn6yJw/3.jpg', 'width': 120, 'height': 90}]",Phoenix SC,UCj4zC1Hfj-uc90FUXzRamNw,https://www.youtube.com/@PhoenixSC,True,1 day ago,2024-09-25T20:09:47.174Z,"474,373 views",474373,https://www.youtube.com/watch?v=n1wKapn6yJw,331,5:31,False
The 'Assassin's Creed Shadows' situation is crazy...,"üëâ All my links: https://linktr.ee/lukestephens üëà
-----------------------------------------------------------------
Assassin's Creed Shadows is an upcoming action role-playing game developed...",7AKXDvyHnpY,"[{'quality': 'maxres', 'url': 'https://i.ytimg.com/vi/7AKXDvyHnpY/maxres.jpg', 'width': 1280, 'height': 720}, {'quality': 'maxresdefault', 'url': 'https://i.ytimg.com/vi/7AKXDvyHnpY/maxresdefault.jpg', 'width': 1280, 'height': 720}, {'quality': 'sddefault', 'url': 'https://i.ytimg.com/vi/7AKXDvyHnpY/sddefault.jpg', 'width': 640, 'height': 480}, {'quality': 'high', 'url': 'https://i.ytimg.com/vi/7AKXDvyHnpY/hqdefault.jpg', 'width': 480, 'height': 360}, {'quality': 'medium', 'url': 'https://i.ytimg.com/vi/7AKXDvyHnpY/mqdefault.jpg', 'width': 320, 'height': 180}, {'quality': 'default', 'url': 'https://i.ytimg.com/vi/7AKXDvyHnpY/default.jpg', 'width': 120, 'height': 90}, {'quality': 'start', 'url': 'https://i.ytimg.com/vi/7AKXDvyHnpY/1.jpg', 'width': 120, 'height': 90}, {'quality': 'middle', 'url': 'https://i.ytimg.com/vi/7AKXDvyHnpY/2.jpg', 'width': 120, 'height': 90}, {'quality': 'end', 'url': 'https://i.ytimg.com/vi/7AKXDvyHnpY/3.jpg', 'width': 120, 'height': 90}]",Luke Stephens,UCe4_UPAmhz2sqorGbF8oZHA,https://www.youtube.com/@LukeStephensTV,True,20 hours ago,2024-09-26T00:09:47.174Z,"296,310 views",296310,https://www.youtube.com/watch?v=7AKXDvyHnpY,1253,20:53,False
üî¥LIVE - TRIPLE THREAT CHALLENGE - EP2,"---------------------------------------------------------------------------------------------------------------------
‚ñ∫Donate: https://streamlabs.com/drdisrespect/tip

‚ô¶ Twitter: https://twitte...",9ejfXfn-Fbc,"[{'quality': 'maxres', 'url': 'https://i.ytimg.com/vi/9ejfXfn-Fbc/maxres.jpg', 'width': 1280, 'height': 720}, {'quality': 'maxresdefault', 'url': 'https://i.ytimg.com/vi/9ejfXfn-Fbc/maxresdefault.jpg', 'width': 1280, 'height': 720}, {'quality': 'sddefault', 'url': 'https://i.ytimg.com/vi/9ejfXfn-Fbc/sddefault.jpg', 'width': 640, 'height': 480}, {'quality': 'high', 'url': 'https://i.ytimg.com/vi/9ejfXfn-Fbc/hqdefault.jpg', 'width': 480, 'height': 360}, {'quality': 'medium', 'url': 'https://i.ytimg.com/vi/9ejfXfn-Fbc/mqdefault.jpg', 'width': 320, 'height': 180}, {'quality': 'default', 'url': 'https://i.ytimg.com/vi/9ejfXfn-Fbc/default.jpg', 'width': 120, 'height': 90}, {'quality': 'start', 'url': 'https://i.ytimg.com/vi/9ejfXfn-Fbc/1.jpg', 'width': 120, 'height': 90}, {'quality': 'middle', 'url': 'https://i.ytimg.com/vi/9ejfXfn-Fbc/2.jpg', 'width': 120, 'height': 90}, {'quality': 'end', 'url': 'https://i.ytimg.com/vi/9ejfXfn-Fbc/3.jpg', 'width': 120, 'height': 90}]",DrDisRespect,UCcJL2ld6kxy_nuV1u7PVQ0g,https://www.youtube.com/@DrDisRespect,True,Streamed 20 hours ago,2024-09-26T00:09:47.174Z,"558,514 views",558514,https://www.youtube.com/watch?v=9ejfXfn-Fbc,27163,7:32:43,False
Mid,"Get Goof Juice https://gamersupps.gg/?ref=moist
This is the greatest mid rant of All Time
Get a Starforge PC https://starforgepc.com/moist-yt
Merch https://moistglobal.com/
Comics https://badegg.co/",Ybe_wqQTxEc,"[{'quality': 'maxres', 'url': 'https://i.ytimg.com/vi/Ybe_wqQTxEc/maxres.jpg', 'width': 1280, 'height': 720}, {'quality': 'maxresdefault', 'url': 'https://i.ytimg.com/vi/Ybe_wqQTxEc/maxresdefault.jpg', 'width': 1280, 'height': 720}, {'quality': 'sddefault', 'url': 'https://i.ytimg.com/vi/Ybe_wqQTxEc/sddefault.jpg', 'width': 640, 'height': 480}, {'quality': 'high', 'url': 'https://i.ytimg.com/vi/Ybe_wqQTxEc/hqdefault.jpg', 'width': 480, 'height': 360}, {'quality': 'medium', 'url': 'https://i.ytimg.com/vi/Ybe_wqQTxEc/mqdefault.jpg', 'width': 320, 'height': 180}, {'quality': 'default', 'url': 'https://i.ytimg.com/vi/Ybe_wqQTxEc/default.jpg', 'width': 120, 'height': 90}, {'quality': 'start', 'url': 'https://i.ytimg.com/vi/Ybe_wqQTxEc/1.jpg', 'width': 120, 'height': 90}, {'quality': 'middle', 'url': 'https://i.ytimg.com/vi/Ybe_wqQTxEc/2.jpg', 'width': 120, 'height': 90}, {'quality': 'end', 'url': 'https://i.ytimg.com/vi/Ybe_wqQTxEc/3.jpg', 'width': 120, 'height': 90}]",penguinz0,UCq6VFHwMzcMXbuKyG7SQYIg,https://www.youtube.com/@penguinz0,True,1 day ago,2024-09-25T20:09:47.174Z,"1,899,650 views",1899650,https://www.youtube.com/watch?v=Ybe_wqQTxEc,612,10:12,False
Mutant Spiders vs Security House in Minecraft,"Check out the CHECKPOINT WEBSITE and make YOUR OWN Character!: https://checkpointmultiverse.com/

Today in the Minecraft Dimension, Steve, G.U.I.D.O, and their friend Austin are making a super...",9dRDipJI4sI,"[{'quality': 'maxres', 'url': 'https://i.ytimg.com/vi/9dRDipJI4sI/maxres.jpg', 'width': 1280, 'height': 720}, {'quality': 'maxresdefault', 'url': 'https://i.ytimg.com/vi/9dRDipJI4sI/maxresdefault.jpg', 'width': 1280, 'height': 720}, {'quality': 'sddefault', 'url': 'https://i.ytimg.com/vi/9dRDipJI4sI/sddefault.jpg', 'width': 640, 'height': 480}, {'quality': 'high', 'url': 'https://i.ytimg.com/vi/9dRDipJI4sI/hqdefault.jpg', 'width': 480, 'height': 360}, {'quality': 'medium', 'url': 'https://i.ytimg.com/vi/9dRDipJI4sI/mqdefault.jpg', 'width': 320, 'height': 180}, {'quality': 'default', 'url': 'https://i.ytimg.com/vi/9dRDipJI4sI/default.jpg', 'width': 120, 'height': 90}, {'quality': 'start', 'url': 'https://i.ytimg.com/vi/9dRDipJI4sI/1.jpg', 'width': 120, 'height': 90}, {'quality': 'middle', 'url': 'https://i.ytimg.com/vi/9dRDipJI4sI/2.jpg', 'width': 120, 'height': 90}, {'quality': 'end', 'url': 'https://i.ytimg.com/vi/9dRDipJI4sI/3.jpg', 'width': 120, 'height': 90}]",Checkpoint,UCm99c6g9MKBL4lNTlWrjyFQ,https://www.youtube.com/@OfficialCheckpoint,True,1 day ago,2024-09-25T20:09:47.174Z,"297,568 views",297568,https://www.youtube.com/watch?v=9dRDipJI4sI,1405,23:25,False
Buff handles the news,,FoDd20xEVPs,"[{'quality': 'maxres', 'url': 'https://i.ytimg.com/vi/FoDd20xEVPs/maxres.jpg', 'width': 1280, 'height': 720}, {'quality': 'maxresdefault', 'url': 'https://i.ytimg.com/vi/FoDd20xEVPs/maxresdefault.jpg', 'width': 1280, 'height': 720}, {'quality': 'sddefault', 'url': 'https://i.ytimg.com/vi/FoDd20xEVPs/sddefault.jpg', 'width': 640, 'height': 480}, {'quality': 'high', 'url': 'https://i.ytimg.com/vi/FoDd20xEVPs/hqdefault.jpg', 'width': 480, 'height': 360}, {'quality': 'medium', 'url': 'https://i.ytimg.com/vi/FoDd20xEVPs/mqdefault.jpg', 'width': 320, 'height': 180}, {'quality': 'default', 'url': 'https://i.ytimg.com/vi/FoDd20xEVPs/default.jpg', 'width': 120, 'height': 90}, {'quality': 'start', 'url': 'https://i.ytimg.com/vi/FoDd20xEVPs/1.jpg', 'width': 120, 'height': 90}, {'quality': 'middle', 'url': 'https://i.ytimg.com/vi/FoDd20xEVPs/2.jpg', 'width': 120, 'height': 90}, {'quality': 'end', 'url': 'https://i.ytimg.com/vi/FoDd20xEVPs/3.jpg', 'width': 120, 'height': 90}]",Habitual Linecrosser,UC6ysC3YUZbjScBKZlNLrmtQ,https://www.youtube.com/@habitual_linecrosser,True,1 day ago,2024-09-25T20:09:47.174Z,"240,510 views",240510,https://www.youtube.com/watch?v=FoDd20xEVPs,228,3:48,False
Duskmourn w/ Jarvis Johnson & Ify Nwadiwe | Game Knights 73 | Magic Gathering EDH Commander Gameplay,"Support the show and become a Patron! Be a part of our community, receive awesome rewards, and more! http://www.patreon.com/commandzone

--------

Show Notes:

You know that spooky old house...",GLV798HGMKs,"[{'quality': 'maxres', 'url': 'https://i.ytimg.com/vi/GLV798HGMKs/maxres.jpg', 'width': 1280, 'height': 720}, {'quality': 'maxresdefault', 'url': 'https://i.ytimg.com/vi/GLV798HGMKs/maxresdefault.jpg', 'width': 1280, 'height': 720}, {'quality': 'sddefault', 'url': 'https://i.ytimg.com/vi/GLV798HGMKs/sddefault.jpg', 'width': 640, 'height': 480}, {'quality': 'high', 'url': 'https://i.ytimg.com/vi/GLV798HGMKs/hqdefault.jpg', 'width': 480, 'height': 360}, {'quality': 'medium', 'url': 'https://i.ytimg.com/vi/GLV798HGMKs/mqdefault.jpg', 'width': 320, 'height': 180}, {'quality': 'default', 'url': 'https://i.ytimg.com/vi/GLV798HGMKs/default.jpg', 'width': 120, 'height': 90}, {'quality': 'start', 'url': 'https://i.ytimg.com/vi/GLV798HGMKs/1.jpg', 'width': 120, 'height': 90}, {'quality': 'middle', 'url': 'https://i.ytimg.com/vi/GLV798HGMKs/2.jpg', 'width': 120, 'height': 90}, {'quality': 'end', 'url': 'https://i.ytimg.com/vi/GLV798HGMKs/3.jpg', 'width': 120, 'height': 90}]",The Command Zone,UCLsiaNUb42gRAP7ewbJ0ecQ,https://www.youtube.com/@commandcast,True,1 day ago,2024-09-25T20:09:47.174Z,"176,449 views",176449,https://www.youtube.com/watch?v=GLV798HGMKs,3597,59:57,False
"IM PUTTING THE DUMBEST CRIMINALS IN PRISON & SOMEONE SHOWED UP AT MY HOUSE AGAIN TO ""THANK"" ME..","The final episode of JudgeSim, i actually had so much fun playing this & i really hope you enjoyed watching it

JudgeSim game link:
https://store.steampowered.com/app/2919660/JudgeSim/

Follow...",DSs8Zga6Bhw,"[{'quality': 'maxres', 'url': 'https://i.ytimg.com/vi/DSs8Zga6Bhw/maxres.jpg', 'width': 1280, 'height': 720}, {'quality': 'maxresdefault', 'url': 'https://i.ytimg.com/vi/DSs8Zga6Bhw/maxresdefault.jpg', 'width': 1280, 'height': 720}, {'quality': 'sddefault', 'url': 'https://i.ytimg.com/vi/DSs8Zga6Bhw/sddefault.jpg', 'width': 640, 'height': 480}, {'quality': 'high', 'url': 'https://i.ytimg.com/vi/DSs8Zga6Bhw/hqdefault.jpg', 'width': 480, 'height': 360}, {'quality': 'medium', 'url': 'https://i.ytimg.com/vi/DSs8Zga6Bhw/mqdefault.jpg', 'width': 320, 'height': 180}, {'quality': 'default', 'url': 'https://i.ytimg.com/vi/DSs8Zga6Bhw/default.jpg', 'width': 120, 'height': 90}, {'quality': 'start', 'url': 'https://i.ytimg.com/vi/DSs8Zga6Bhw/1.jpg', 'width': 120, 'height': 90}, {'quality': 'middle', 'url': 'https://i.ytimg.com/vi/DSs8Zga6Bhw/2.jpg', 'width': 120, 'height': 90}, {'quality': 'end', 'url': 'https://i.ytimg.com/vi/DSs8Zga6Bhw/3.jpg', 'width': 120, 'height': 90}]",Kubz Scouts,UCZBY6V8Lxmwu8gGRBOyO11w,https://www.youtube.com/@thekubzscouts,True,1 day ago,2024-09-25T20:09:47.174Z,"204,884 views",204884,https://www.youtube.com/watch?v=DSs8Zga6Bhw,4906,1:21:46,False
Street Drifting For InstaPic Fame in GTA RP | OCRP,"Join @CivRyan & myself in OCRP as we try to get viral clips of us illegally street drifting! [OCRP Main Server]

‚ñ∫Merch‚ñ∫ https://buggsmerch.com
‚ñ∫Twitter‚ñ∫ https://twitter.com/BayAreaBuggs...",KVyu9xR0hcs,"[{'quality': 'maxres', 'url': 'https://i.ytimg.com/vi/KVyu9xR0hcs/maxres.jpg', 'width': 1280, 'height': 720}, {'quality': 'maxresdefault', 'url': 'https://i.ytimg.com/vi/KVyu9xR0hcs/maxresdefault.jpg', 'width': 1280, 'height': 720}, {'quality': 'sddefault', 'url': 'https://i.ytimg.com/vi/KVyu9xR0hcs/sddefault.jpg', 'width': 640, 'height': 480}, {'quality': 'high', 'url': 'https://i.ytimg.com/vi/KVyu9xR0hcs/hqdefault.jpg', 'width': 480, 'height': 360}, {'quality': 'medium', 'url': 'https://i.ytimg.com/vi/KVyu9xR0hcs/mqdefault.jpg', 'width': 320, 'height': 180}, {'quality': 'default', 'url': 'https://i.ytimg.com/vi/KVyu9xR0hcs/default.jpg', 'width': 120, 'height': 90}, {'quality': 'start', 'url': 'https://i.ytimg.com/vi/KVyu9xR0hcs/1.jpg', 'width': 120, 'height': 90}, {'quality': 'middle', 'url': 'https://i.ytimg.com/vi/KVyu9xR0hcs/2.jpg', 'width': 120, 'height': 90}, {'quality': 'end', 'url': 'https://i.ytimg.com/vi/KVyu9xR0hcs/3.jpg', 'width': 120, 'height': 90}]",Bay Area Buggs,UCO4rvxZ-bJ6uGDeSkMCmzEg,https://www.youtube.com/@Buggs,True,1 day ago,2024-09-25T20:09:47.174Z,"163,066 views",163066,https://www.youtube.com/watch?v=KVyu9xR0hcs,3994,1:06:34,False
SHIN SONIC TAPES ORIGIN‚Ä¶,"Today, Johnny and his friends discover the origins of SHIN SONIC in Roblox! Will they survive the scary videos? Watch to the end to find out!

Join Johnny's Roblox Group: https://www.roblox.com/gro...",5AeuuAQ14SM,"[{'quality': 'maxres', 'url': 'https://i.ytimg.com/vi/5AeuuAQ14SM/maxres.jpg', 'width': 1280, 'height': 720}, {'quality': 'maxresdefault', 'url': 'https://i.ytimg.com/vi/5AeuuAQ14SM/maxresdefault.jpg', 'width': 1280, 'height': 720}, {'quality': 'sddefault', 'url': 'https://i.ytimg.com/vi/5AeuuAQ14SM/sddefault.jpg', 'width': 640, 'height': 480}, {'quality': 'high', 'url': 'https://i.ytimg.com/vi/5AeuuAQ14SM/hqdefault.jpg', 'width': 480, 'height': 360}, {'quality': 'medium', 'url': 'https://i.ytimg.com/vi/5AeuuAQ14SM/mqdefault.jpg', 'width': 320, 'height': 180}, {'quality': 'default', 'url': 'https://i.ytimg.com/vi/5AeuuAQ14SM/default.jpg', 'width': 120, 'height': 90}, {'quality': 'start', 'url': 'https://i.ytimg.com/vi/5AeuuAQ14SM/1.jpg', 'width': 120, 'height': 90}, {'quality': 'middle', 'url': 'https://i.ytimg.com/vi/5AeuuAQ14SM/2.jpg', 'width': 120, 'height': 90}, {'quality': 'end', 'url': 'https://i.ytimg.com/vi/5AeuuAQ14SM/3.jpg', 'width': 120, 'height': 90}]",Johnny and Marty,UCHudxWzwLDAr06TWFmrP7hQ,https://www.youtube.com/@JohnnyandMarty,True,21 hours ago,2024-09-25T23:09:47.174Z,"142,079 views",142079,https://www.youtube.com/watch?v=5AeuuAQ14SM,837,13:57,False
New *MYTHIC MEDALLION* Update in Fortnite!,"Fortnite Chapter 5, Season 4 gameplay with Typical Gamer!
‚ù§Ô∏è SUBSCRIBE & CLICK THE BELL! üîî

MY GAMES in FORTNITE!
üî¥ PLAY SUPER RED vs BLUE ‚ñ∫ 2786-2114-8349
üîµ PLAY SUPER RED vs...",SpA6kuNW0To,"[{'quality': 'maxres', 'url': 'https://i.ytimg.com/vi/SpA6kuNW0To/maxres.jpg', 'width': 1280, 'height': 720}, {'quality': 'maxresdefault', 'url': 'https://i.ytimg.com/vi/SpA6kuNW0To/maxresdefault.jpg', 'width': 1280, 'height': 720}, {'quality': 'sddefault', 'url': 'https://i.ytimg.com/vi/SpA6kuNW0To/sddefault.jpg', 'width': 640, 'height': 480}, {'quality': 'high', 'url': 'https://i.ytimg.com/vi/SpA6kuNW0To/hqdefault.jpg', 'width': 480, 'height': 360}, {'quality': 'medium', 'url': 'https://i.ytimg.com/vi/SpA6kuNW0To/mqdefault.jpg', 'width': 320, 'height': 180}, {'quality': 'default', 'url': 'https://i.ytimg.com/vi/SpA6kuNW0To/default.jpg', 'width': 120, 'height': 90}, {'quality': 'start', 'url': 'https://i.ytimg.com/vi/SpA6kuNW0To/1.jpg', 'width': 120, 'height': 90}, {'quality': 'middle', 'url': 'https://i.ytimg.com/vi/SpA6kuNW0To/2.jpg', 'width': 120, 'height': 90}, {'quality': 'end', 'url': 'https://i.ytimg.com/vi/SpA6kuNW0To/3.jpg', 'width': 120, 'height': 90}]",TG Plays,UCqVCSWnuOSPm26orvNDTuWQ,https://www.youtube.com/@TGplays,True,1 day ago,2024-09-25T20:09:47.174Z,"1,127,094 views",1127094,https://www.youtube.com/watch?v=SpA6kuNW0To,844,14:04,False
COMP PRO AM is TERRIFYING on NBA 2K25...,"Thank you PrizePicks for sponsoring this video. Click https://prizepicks.onelink.me/ivHR/JoeKnows and sign up with code JOEKNOWS and get $50 instantly when you play your first $5+ lineup.
...",eR3Zgp8fGW4,"[{'quality': 'maxres', 'url': 'https://i.ytimg.com/vi/eR3Zgp8fGW4/maxres.jpg', 'width': 1280, 'height': 720}, {'quality': 'maxresdefault', 'url': 'https://i.ytimg.com/vi/eR3Zgp8fGW4/maxresdefault.jpg', 'width': 1280, 'height': 720}, {'quality': 'sddefault', 'url': 'https://i.ytimg.com/vi/eR3Zgp8fGW4/sddefault.jpg', 'width': 640, 'height': 480}, {'quality': 'high', 'url': 'https://i.ytimg.com/vi/eR3Zgp8fGW4/hqdefault.jpg', 'width': 480, 'height': 360}, {'quality': 'medium', 'url': 'https://i.ytimg.com/vi/eR3Zgp8fGW4/mqdefault.jpg', 'width': 320, 'height': 180}, {'quality': 'default', 'url': 'https://i.ytimg.com/vi/eR3Zgp8fGW4/default.jpg', 'width': 120, 'height': 90}, {'quality': 'start', 'url': 'https://i.ytimg.com/vi/eR3Zgp8fGW4/1.jpg', 'width': 120, 'height': 90}, {'quality': 'middle', 'url': 'https://i.ytimg.com/vi/eR3Zgp8fGW4/2.jpg', 'width': 120, 'height': 90}, {'quality': 'end', 'url': 'https://i.ytimg.com/vi/eR3Zgp8fGW4/3.jpg', 'width': 120, 'height': 90}]",Joe Knows,UCMvJjqVlkSJ9x8hJwcfw4nQ,https://www.youtube.com/@DatBoi_YT,True,19 hours ago,2024-09-26T01:09:47.174Z,"114,235 views",114235,https://www.youtube.com/watch?v=eR3Zgp8fGW4,3102,51:42,False
‡∏™‡∏•‡πá‡∏≠‡∏ï‡πÅ‡∏ï‡∏Å‡∏´‡∏ô‡∏±‡∏Å ‡∏™‡∏•‡πá‡∏≠‡∏ï‡∏™‡∏á‡∏Å‡∏£‡∏≤‡∏ô‡∏ï‡πå ‡∏™‡∏•‡πá‡∏≠‡∏ï‡πÅ‡∏ï‡∏Å‡∏á‡πà‡∏≤‡∏¢ ‡∏™‡∏•‡πá‡∏≠‡∏ï‡πÄ‡∏ß‡πá‡∏ö‡∏ï‡∏£‡∏á ‡∏™‡∏•‡πá‡∏≠‡∏ïpg ‡∏™‡∏•‡πá‡∏≠‡∏ï‡∏°‡∏≤‡πÅ‡∏£‡∏á ‡∏™‡∏•‡πá‡∏≠‡∏ï‡πÅ‡∏ï‡∏Å‡∏î‡∏µ ‡∏™‡∏°‡∏±‡∏Ñ‡∏£‡∏™‡∏•‡πá‡∏≠‡∏ï‡πÄ‡∏ß‡πá‡∏ö‡∏ï‡∏£‡∏á,"üìå‡∏ó‡∏≤‡∏á‡πÄ‡∏Ç‡πâ‡∏≤ ‡∏ï‡∏£‡∏á‡∏Ñ‡∏≠‡∏°‡πÄ‡∏°‡πâ‡∏ô‡πÄ‡∏ó‡πà‡∏≤‡∏ô‡∏ô‡∏±‡πâ‡∏ôüìå

üìå‡∏Ñ‡∏≥‡πÅ‡∏ô‡∏∞‡∏ô‡∏≥ ‡πÄ‡∏•‡πà‡∏ô‡∏≠‡∏¢‡πà‡∏≤‡∏á‡∏°‡∏µ‡∏™‡∏ï‡∏¥‡∏ô‡∏∞‡∏Ñ‡∏£‡∏±‡∏öüìå

üìå‡πÑ‡∏Æ‡πÑ‡∏•...",hjSgGK14i-U,"[{'quality': 'maxres', 'url': 'https://i.ytimg.com/vi/hjSgGK14i-U/maxres.jpg', 'width': 1280, 'height': 720}, {'quality': 'maxresdefault', 'url': 'https://i.ytimg.com/vi/hjSgGK14i-U/maxresdefault.jpg', 'width': 1280, 'height': 720}, {'quality': 'sddefault', 'url': 'https://i.ytimg.com/vi/hjSgGK14i-U/sddefault.jpg', 'width': 640, 'height': 480}, {'quality': 'high', 'url': 'https://i.ytimg.com/vi/hjSgGK14i-U/hqdefault.jpg', 'width': 480, 'height': 360}, {'quality': 'medium', 'url': 'https://i.ytimg.com/vi/hjSgGK14i-U/mqdefault.jpg', 'width': 320, 'height': 180}, {'quality': 'default', 'url': 'https://i.ytimg.com/vi/hjSgGK14i-U/default.jpg', 'width': 120, 'height': 90}, {'quality': 'start', 'url': 'https://i.ytimg.com/vi/hjSgGK14i-U/1.jpg', 'width': 120, 'height': 90}, {'quality': 'middle', 'url': 'https://i.ytimg.com/vi/hjSgGK14i-U/2.jpg', 'width': 120, 'height': 90}, {'quality': 'end', 'url': 'https://i.ytimg.com/vi/hjSgGK14i-U/3.jpg', 'width': 120, 'height': 90}]",WhiteCAT  SLOT,UCqsUDSHgoViBuZQ9xGNQR8w,https://www.youtube.com/@KNofficial-x1f,False,1 day ago,2024-09-25T20:09:47.174Z,"12,868 views",12868,https://www.youtube.com/watch?v=hjSgGK14i-U,313,5:13,False
